titles,category
금호 화순 아쿠아나 이용권 최대 51% 할인!,Trip
6월 대선 앞두고 문의 폭주중인 도슨트?,Trip
[돌로미티] 힐링vs집중 8박9일 세미패키지,Trip
[핫플버스] 경주 버스투어 당일치기 여행패키지 특가할인,Trip
Wonder the Blooming Sea! 원더파크,Trip
요즘 애들이 영어 배우는 방법🔠,Trip
[돌로미티] 힐링vs집중 8박9일 세미패키지!,Trip
알짜배기 여름시작! 여수라테라스 워터파크PKG!,Trip
포근한 봄맞이는 포근한 워터파크! 소노벨 오션어드벤처,Trip
클럽디오아시스 스파&워터파크,Trip
참발효아카데미 술빚는 하루 장만드는 하루,Trip
마음 해독테라피 싱잉볼 명상 아로마 심리상담,Trip
[~67%] 온가족과 함께 즐기는 힐링스파! 아산 스파,Trip
[~38%] 프리미엄 스파 파라다이스 도고! 최대 38,Trip
달랏일일투어,Trip
홍대 브라이덜샤워 파티룸 디에르,Trip
N서울 타워에서 보내는 벚꽃 페스티벌 Blossom T,Trip
날씨 걱정 No! 과천과학관 실내 도슨트🌎,Trip
유럽여행 필수!! 유럽이심 esim 무료통화,Trip
비상주 사무실 계약 시 꼭 체크하세요!📢,Trip
시크릿 나팔링 투어를 가야하는 5가지 이유!,Trip
부산요트투어 요트다타자 선셋야간!특가이벤트,Trip
부산요트투어 해운대 광안리 요트다타자 주간!,Trip
부산요트투어 요트G,Trip
[핫플버스] 제주도 ⭐감성코스 3종+동부프리미엄 할인⭐,Trip
보홀 가성비 vs 프리미엄 리조트 패키지여행,Trip
우리애만 안 가 본 궁궐 도슨트🇰🇷,Trip
교토 아라시야마 벚꽃 라이브,Trip
K발효문화투어 전통주만들기 싱잉볼테라피,Trip
대구 이월드 전국 최대규모 튤립 놀이공원! 30주년 기,Trip
서울부터 광주까지! 봄숲체험이 열린다🌸,Trip
"비상주, 공유오피스 고민하지마세요!",Trip
보홀션 육상투어 C코스 한눈에 보기,Trip
웰리힐리파크 퍼스트 워터플래닛패키지,Trip
"족욕, 하지 마세요! 건강에 안 좋습니다",Trip
괌 현지통신사 로컬eSIM 나왔다!,Trip
다낭 차량 픽업은? 콩트립!🇻🇳💨,Trip
부산요트다타자 폭죽 비교불가 No.1 4배,Trip
서해랑 제부도해상케이블카x파주임진각평화곤돌라,Trip
[씨모어씨풀빌라]2024년 신축 전객실 오션뷰 풀빌라,Trip
신나는 모험! 유니버셜 스튜디오 티켓 오픈!,Trip
포항 유니의바다 카라반 라이브 특가할인 EVENT!!,Trip
샤코탄 오타루 코스 재오픈 기념 현지 라이브,Trip
저희집을 빌려드립니다  놀러오세요,Trip
봄시즌 근거리 해외골프여행 추천!,Trip
태국 파타야 골프여행,Trip
영국 여행 필수품! 영국이심 esim,Trip
"[핫플버스]⭐제주도 감성투어3종, 동부프리미엄 할인⭐",Trip
상해 황포강유람선,Trip
"미국여행 30일 전화데이터무제한29,900원",Trip
최고급 벤츠 스프린터 클럽&파티 차량 렌트,Trip
벤츠 뉴스프린터 렌트카,Trip
후쿠오카 유후인 버스 투어 히타 다자이후,Trip
보홀호핑투어는 보홀션 !!,Trip
내맘대로 고르는 푸꾸옥 숙박대전! 가성비 4대장 VS,Trip
몽골5박6일여행,Trip
라오스 풀빌라 3박5일 골프여행,Trip
중국골프여행 칭다오(청도) 2가지 일정,Trip
일본 소도시 골프여행 기타큐슈 2박3일,Trip
저희집에 놀러오실래요?,Trip
[딱2주만!] 노랑풍선 방콕파타야 3박5일,Trip
[핫플버스]⭐제주도 버스투어 감성투어3종 라방할인⭐,Trip
[~55%]웅진플레이도시 리뉴얼 오픈 기념! 봄봄 특,Trip
중국골프여행 3박4일 42만원?,Trip
[판매종료] [딱2주만!] 노랑풍선 방콕파타야 3박5일 패키지,Trip
"내가 기다리던 봄, 에버랜드엔 짜릿한 어트랙션부터 튤립",Trip
대구 네이처파크 1+1 종일권 68% 라이브 초특가!,Trip
네이버 쇼핑라이브 단독 특가! 아쿠아플라넷 전 지점 최,Trip
[딱2주만!] 노랑풍선 발칸3국 패키지여행,Trip
베트남 나트랑 명문 골프장 3색 패키지,Trip
말톡 유심 이심 최대 20%할인 받고 봄 벚꽃여행 즐기,Trip
부산요트투어 해운대 광안리 요트다타자 예약!,Trip
부산요트투어 해운대 광안리 요트다타자 폭죽!,Trip
"알펜시아 오션700 & 객실 패키지, 최대 78% 할인",Trip
LEGOLAND®에 신규 롤러코스터가?!,Trip
봄맞이 포항카라반캠핑 온라인최저가,Trip
💙유심사 25% 할인을 낉여왔습니다💙,Trip
포항 씨모어씨풀빌라 온라인 최저가,Trip
부산요트투어 요트와 봄 맞이 특가 이벤트!,Trip
🌸 전 상품 특가 할인! 오직 도시락 라이브에서만 ✨,Trip
보홀 가면 꼭 가봐야할 곳 !!,Trip
[핫플버스] 경주여행 버스패키지 일일투어 셔틀버스 할인,Trip
마산 로봇랜드,Trip
[푸꾸옥] 3박5일 vs 4박6일 자유여행,Trip
[판매종료]  [서유럽] 인터파크투어의 10일 티웨이직항 패키지여행!,Trip
봄 맞이 다양한 혜택으로 돌아온 얼리버드 특가 소노벨,Trip
대구 이월드 블라썸 피크닉 오픈기념 특가! 불꽃쇼부터,Trip
[판매종료]  [푸꾸옥] 피크타임 3박5일 vs 4박6일 자유여행 특가,Trip
2025 CAD 러이끄라통 풍등축제,Trip
여수초호화리조트&호텔💛여수는 벌써 여름! 특가 LIVE,Trip
노팁 노옵션 노쇼핑으로 떠나는 해외여행~~?,Trip
롯데월드 아쿠아리움&서울스카이 최대 51% 할인,Trip
[판매종료]  [딱2주만!] 롯데관광 2025 크루즈 기획전,Trip
[노팁/노옵션/노쇼핑]장가계 4박 5일패키지,Trip
선상낚시 스노클링호핑투어+씨푸드만찬,Trip
[노팁/노옵션/노쇼핑]대련 1박2일 패키지!,Trip
구마모토 골프장,Trip
설레는 봄! 40주년 경주월드에 미리 푹 빠져봄!,Trip
중국골프 푸저우골프,Trip
일본 기타큐슈 골프여행,Trip
부산요트투어 주인직접운영 부산요트다타자 주간,Trip
포항신축풀빌라 씨모이씨,Trip
부산요트투어 이디엠~,Trip
부산여행만족도1위 부산요트 야경 폭죽놀이~~,Trip
교토 아리시야마 현지 라이브,Trip
650만건 돌파! 제주여행 필수템,Trip
"울타리 없는 교감, 도심 속 실내 동물원 '주렁주렁'",Trip
부산요트투어 요트다타자 야간 투어 맛보기,Trip
부산불꽃축제?! 부산요트다타자의 폭죽축제?!,Trip
[네이버 단독]클럽디오아시스 얼리버드 특가(~4/30),Trip
"제주도 스노클링,해녀체험,바다속물고기체험",Trip
부산요트투어 부산요트다타자 드론쇼투어 청룡,Trip
QR스캔만으로 중국 전지역 데이터 무제한!,Trip
딱2주만! 롯데관광 2025 크루즈 기획전,Trip
10만원대 포항신축풀빌라,Trip
부산요트투어 부산요트다타자  직접쏘는폭죽4배,Trip
부산요트투어 놓칠 수 없는 환상적인 폭죽쇼,Trip
스프링시즌,Trip
📢사계가 아름다운 백두산 연길 투어!,Trip
💖세부 가성비 호핑투어 패키지 50% 할인,Trip
미국 여행 필수품! Go City 패스!,Trip
인터파크투어가 소개하는 동유럽 패키지!,Trip
🌸일본현지 버스투어🌸와쿠와쿠와 봄맞이,Trip
도심속에서 즐기는 프리미엄 찜질스파! 아쿠아필드 전지점,Trip
일본이심 QR 스캔 간편개통 데이터 무제한,Trip
모두투어의 딱!2주만! 싱가포르 패키지 특가,Trip
25일 실시간,Trip
숲속의 노천온천 테르메덴에 봄이 찾아왔어요♬,Trip
"전국최고시설🥇전국최저가 5,000원부터 2025년🍀비상주 사무실",Trip
📢 베트남 가기 전에 필독! ✈️🔥,Trip
보홀 육상투어 몰아보기 !,Trip
[핫플버스] 제주도 ⭐감성코스 할인⭐ 서부 동부 중문,Trip
빛으로 태어난 새로운 세계 원더파크! 네이버 쇼핑라이브,Trip
후지산뷰를 보며 즐기는 라운딩 일본골프,Trip
소형사무실임대 공유사무실,Trip
공유오피스 1인실,Trip
"365일 즐거움이 가득한 공간, 롯데월드 잠실 / 부산",Trip
[대구]네이처파크 1+1 종일권 75% 라이브 파격 특,Trip
네이버 쇼핑라이브 단독 특가! 아쿠아플라넷 다지점 최대,Trip
3월 3일까지만 만나볼 수 있는 역대급 귀여운 무민과,Trip
20일 부터 헬멧의무화,Trip
"보홀 반딧불투어, 프라이빗한 여정!",Trip
맑은 자연과 함께하는 스테이,Trip
제주도에서 가족과 함께하는 독채 숙소,Trip
약석원 명물 좌훈마사지 15% 할인!,Trip
세보트립의 쇼핑라이브,Trip
[딱!2주만] 모두투어 시드니 패키지 89만원~,Trip
"한국 통신 시장, 선불 유심이 대세!",Trip
[중국]히트 상품 전체 초특가! #우전#복원고진#상하이,Trip
지금이 딱❣️유심사 eSIM 할인 찬스로 알뜰하게 여행,Trip
"캠핑카렌트 감성차박패키지,미니칸을 검색하세요",Trip
미니칸 레이캠핑카 감성차박패키지로 차박!,Trip
2인승 레이캠핑카렌트 감성차박패키지,Trip
"전기차캠핑카렌트,캠핑용품 무료제공",Trip
포항유니의바다 온라인최저가🔥,Trip
보홀의 오후를 장식해줄 선반팩 !,Trip
후쿠오카스냅 나카스 거리스냅,Trip
귀여운 스누피 친구들과 인생샷을 남기고 싶다면?! 스누,Trip
당일 전자계약 5분,Trip
애견/키즈/풀빌라! 인기 펜션 숙박권 네쇼라 단독 특가! 전국 7개지역~,Trip
캐리비안베이에서 무민 가족들과 스파 즐기고 오후에는 눈,Trip
경주 강동워터파크(구.블루원) 따끈따끈 실내 溫터파크,Trip
[백두산] 깔끔한 호텔은 백두산 투어와 함께,Trip
6만원 무료 충전 혜택 온라인 개통,Trip
6만원 무료 충전 혜택,Trip
보홀 나팔링 투어! 보홀션에서!,Trip
방송중 50% 할인! 매일매일 색다른 즐거움! 대구아쿠아리움,Trip
겨울에서 봄까지 알차게 즐기는 알펜시아리조트♥,Trip
대구 이월드 개장 30주년 기념 특가! 불꽃쇼부터 공연,Trip
말톡라이브 역대급 할인이벤트! 방송 중 유심 이심 최대,Trip
2월12일 무주실시간,Trip
딱!2주만! 온라인투어 푸꾸옥 자유여행 특가,Trip
휴대용 와이파이 에그 렌탈 케이와이파이,Trip
전국 네트워크 GM콜밴   1566-1182,Trip
베트남이심 전지역 무제한 데이터 e편한SIM,Trip
푸꾸옥 인기 빈홀리데이 특가 2박에 14만~,Trip
[백두산]우리가 찾아다니던 그 온천♨,Trip
[핫플버스] 제주도 ⭐전코스할인⭐ 버스투어 입장료무료,Trip
딱!2주만! 온라인투어 장가계 패키지 44만원~,Trip
겨울스릴좌! 짜릿함 두배! 경주월드&스노우파크!,Trip
해운대 바다뷰를 보며 즐기는 따끈따끈 온천욕! 네이버,Trip
스키부츠비교,Trip
"엘리시안강촌 리프트권, 최대 57% 할인!",Trip
비행체험후 리뷰작성시 동영상촬영이 무료,Trip
딱!2주만! 온라인투어 튀르키예 패키지 특가,Trip
일본이심 전지역 무제한 데이터 e편한SIM,Trip
전국 최저가콜밴 0507-1377-2297,Trip
[~60%] 온가족과 함께 즐기는 힐링스파! 아산 스파,Trip
겨울방학여행 온라인 최저가‼️,Trip
라마다 호텔 평창,Trip
JN파크호텔 인천,Trip
베스트 루이스 해밀턴 호텔 해운대,Trip
보홀 암스테르담 드론호핑투어 예약!,Trip
세부 암스테르담 드론호핑 투어 예약!,Trip
30일 무주실시간 교통상황,Trip
무주렌탈샵 밤 도깨비 장비 방망이,Trip
선불유심 알뜰요금제 개통하기 !,Trip
푸꾸옥 빈홀리데이 숏클립 특가 2박 14만~,Trip
만5살 아이강습,Trip
통신미납 선불유심으로 해결 !,Trip
통신요금 아직도 비싸게 쓰시나요?,Trip
부산출발 일본크루즈 3일 코스타세레나호,Trip
2025년 새해 첫 라이브 in 오타루,Trip
[핫플버스] ⭐제주도/경주 버스투어 전체코스 설맞이 할,Trip
신년맞이 대특가! 아쿠아플라넷 최대 51% 할인,Trip
[나트랑]아미아나리조트&더웨스틴리조트! 네이버여행 단독 특가!,Trip
한겨울 추위 걱정없는 따뜻한 워터파크 오션어드벤처 천안,Trip
무민 가족들과 따뜻한 겨울 스파 즐기고 오후에는 에버랜,Trip
'나에게 주는 특별한 선물' 이탈리아 여행,Trip
겨울에덴? 테르메덴! 천연온천수로 즐기는 숲속 노천온천,Trip
✨설 맞이 최대 20% 할인! 선물 추첨까지 🎁,Trip
기부하는 스키샵,Trip
🎁설특집 스카이라이프 최대 혜택 이벤트🎁,Trip
[대구]워터파크 스파밸리 종일권 60% 초특가 할인,Trip
[KT skylife 모바일] 🎁설 특집! 최대 31만,Trip
빛으로 태어난 세계 원더파크! 신년 맞이 네이버 쇼핑라,Trip
Go city의 뉴욕/런던/파리 티켓패스! 최대 10%할인+11%적립!,Trip
최대 51% 할인! 겨울방학에는 온가족이 따뜻하게! 웅,Trip
천연 온천수로 즐기는 따뜻한 온천스파! 설악워터피아!,Trip
[~43%] Happy holidays in 파라다이스,Trip
[KT skylife 모바일] 1월 최대 혜택 알아보기,Trip
설프라이즈🌟명절에 해외로 떠나는 사람 ~🤚,Trip
대마도&오사카 선박권 특가⭐️투어땅과 함께 가자!⭐️,Trip
24/25 곤지암리조트 동계 리프트권 프로모션 네이버단,Trip
전국 최고시설 5천원부터 비상주 공유오피스,Trip
럭셔리 5천원부터 비상주 공유오피스,Trip
스노우파크와 함께 겨울 짜릿함 두배로 즐기는 경주월드!,Trip
"2025 비발디파크, 겨울 스키&눈썰매 여행",Trip
일본현지 버스투어 와쿠와쿠의 설날맞이 할인있설,Trip
"스키부츠 제대로 신기! 이래야 눈 안들어가,",Trip
양양 디그니티 호텔,Trip
부산해운대숙소 게리쿠퍼호텔,Trip
🌿 엠버퓨어힐 제주,Trip
전주 왕이지밀 한옥 호텔,Trip
세부 선상테마파크 해적호핑 해적선투어,Trip
푸꾸옥 빈홀리데이 인기호텔 숏클립 특가!,Trip
웰리힐리파크 겨울방학 패키지,Trip
12월 20일 오픈한 에버랜드 스노우 버스터! 종일권,Trip
코타키나발루 카이두안 래프팅,Trip
괌 롯데 호텔 라세느디너 La Seine,Trip
"괌의 대표적인 나이트 엔터테인먼트, 카레라쇼",Trip
"겨울시즌 최고의 짜릿한 즐거움, 이월드 스노우월드부터",Trip
[여수여행] 선착순특가! 인기PKG & 3월/4월 얼리,Trip
괌맛집 타오타오타씨 쇼 괌의 베스트셀러 쇼,Trip
대구 네이처파크 스윗윈터페스티벌 초특가!,Trip
[KT skylife 모바일] 1월 최대 혜택 예고 라,Trip
[~60%] 온가족과 함께 즐기는 스파! 아산 스파비스,Trip
"모든 유심,이심 10%할인! 말톡 최초 할인 라이브!",Trip
비발디파크 렌탈샵 뽀드득에찌,Trip
[KT skylife 모바일] 알뜰폰 유심 라이브 OP,Trip
📢중국 무비자 찬스에 특가까지?지금이 기회,Trip
포항 유니의바다 카라반 라이브 겨울방학시즌 특가할인 E,Trip
세부 해적호핑 해적선투어,Trip
푸꾸옥 사파리 티켓 숏클립 전용특가!,Trip
전신팥찜질과 어싱온열요법 체험,Trip
유니의바다 카라반 1~2월 겨울시즌 라이브 특가!!,Trip
금호화순아쿠아나 이용권 최대 54%할인!,Trip
무주스키장 무주스키샵 1/10곤도라긴급휴장,Trip
신년 서울 비상주 사무실 공유오피스 라이브 방송 세일,Trip
풀패키지 실체3,Trip
해운대 바다를 보며 즐기는 따뜻한 온천욕!,Trip
나트랑 판랑 투어 숏클립 특가!,Trip
레이캠핑카렌트 감성차박패키지,Trip
❄️삿뽀로 하나도 안부러운 연뽀로❄️,Trip
포항 유니의바다 카라반 2025년 1~2월 겨울방학시즌,Trip
포항 유니의바다 카라반 캠핑장 2025년 1~2월 겨울,Trip
풀패키지 실체,Trip
큐슈 버스투어와 함께하는 일본여행,Trip
지갑과 여권만으로 떠나는 대마도여행,Trip
무주스키장 실시간현황 풀패키지 무주스키샵,Trip
일본이심 3대 통신사 로컬망 eSIM,Trip
겨울 따끈따끈 실내 온溫터파크 최대 ~65%할인,Trip
풀 패키지의 실체,Trip
무주스노우밸리 스키샵,Trip
[양양]더앤리조트 온천패키지#실내스파#온천#야외온천,Trip
레이캠핑카렌트 미니칸 감성차박패키지,Trip
레이캠핑카렌트 차박패키지,Trip
레이캠핑카렌트 겨울차박 감성패키지,Trip
2인승 레이캠핑카렌트 차박패키지,Trip
새해 동해안 일출여행❤️,Trip
2인승 전기차캠핑카렌트 네이버에서 미니칸,Trip
4인승 레이캠핑카렌트 차박패키지,Trip
"2인승 레이캠핑카렌트,캠핑용품포함캠핑카렌트",Trip
무주스키장 무주스키샵 신상의류 맛보기,Trip
무주스키장 풀패키지 바이저헬멧 무료대여!,Trip
사업자등록시 이거? 모르면 매월 통장에 구멍,Trip
워킹맘 투어 부산출발 기타큐슈2박3일,Trip
해외여행준비 유심 모사지?,Trip
스키강습,Trip
나트랑 판랑 선라이즈 지프투어 숏클립 특가,Trip
경주월드 연말감사제 & 해피뉴윈터!! 스노우파크 오픈,Trip
삼가 고인의 명복을 빕니다.,Trip
제주한달살기숙소 몽구옥,Trip
제주 한달살기 숙소 제주도 한달살이 몽구옥,Trip
제주보름살기 숙소 제주독채펜션 안목5감도,Trip
무주스키장 무주스키샵 눈썰매장 둘러보기,Trip
겨울에덴? 테르메덴! 따뜻한 숲속 천연 노천온천,Trip
대구 워터파크 스파밸리 겨울온천수 라이브 초특가,Trip
한겨울 추위도 걱정없는 따뜻한 워터파크 오션어드벤처!,Trip
무주스키장 무주스키샵 신상의류 둘러보기,Trip
한국어하는 일본 현지인과 함께하는 도쿄 투어,Trip
나트랑 미니비치 호핑투어 숏클립 특가!,Trip
"비발디파크, 겨울 스키&눈썰매 여행",Trip
사랑스러운 무민 가족들과 떠나는 캐리비안베이,Trip
무주스키장 무주VIP스키샵 야간오픈런!,Trip
무주스키장 무주VIP스키샵 대설주의보 무주!,Trip
신라스테이 해운대 해수욕장 벡스코,Trip
신라스테이 서부산,Trip
오크우드 프리미어 인천,Trip
나트랑 무이네 지프투어 숏클립 특가,Trip
"[복원고진 앵콜전]주말 ""단 하루"" 초특가⏰",Trip
겨울 방학엔 우주여행! 미디어 테마파크 뉴스페이스 🚀,Trip
일타강사 스키강습,Trip
[대한민국][부산]케이 게스트하우스 서면 1,Trip
[대한민국][부산]해운대 센트럴 호텔(Hae,Trip
"엘리시안강촌 리프트권, 최대 51% 할인!",Trip
무민과 함께하는 에버랜드 윈터토피아! 종일권 ~42%,Trip
12월 18일 만선하우스,Trip
[~62%] 온가족과 즐기는 힐링스파! 아산 스파비스,Trip
나트랑 판랑 선라이즈 사막투어 숏클립 특가,Trip
2024 연말 빅세일! 아쿠아플라넷 3개 지점 51%,Trip
딱2주만! 모두투어 괌 여행 단독 초특가!,Trip
🛫중국 무비자 기념! 상해 여행 초특가 할인!,Trip
중국 베이징 여행: 청나라 공주 변신,Trip
부관훼리 선상불꽃놀이,Trip
부관훼리 신상 추천코스,Trip
"일본선박여행 부관훼리, 배타고 일본여행가자!",Trip
⏰12월18일18시 중국 여행 특가 예정!,Trip
"반려견캠핑,미니칸에서 캠핑카렌트로 차박떠나자",Trip
대구 네이처파크 미라클크리스마스 초특가!,Trip
단독프로모션! 과천 서울랜드!,Trip
부산에서 가장 젊은 요트투어 와이홀릭,Trip
[딱!2주만특가!] 모두투어 괌 여행 단독 초특가!,Trip
[대전]엑스포아쿠아리움 1회 가격으로 두번?,Trip
나트랑 미니비치 호핑투어 숏클립 특가,Trip
"겨울 맞이 ★특별한 동백숲, 카멜리아힐 초특가★",Trip
[~33%] Merry winter in 파라다이스도고,Trip
몽골 개썰매 체험 원본 30초 Start,Trip
2인승 레이캠핑카 미니칸에서 캠핑카렌트로!,Trip
"겨울차박캠핑,미니칸에서 레이캠핑카렌트로!",Trip
레이캠핑카렌트 감성차박패키지는 미니칸에서,Trip
미니칸 레이캠핑카렌트 차박패키지,Trip
미니칸에서 레이캠핑카렌트를 해보세요!,Trip
"🎄연말 도시락 라이브, 할인부터 깜짝 선물까지!",Trip
중국 여행 시안 운남 전통 복장 촬영,Trip
메리 유리스마스! 유심사 크리스마스 데이터 할인특집🎄,Trip
크리스마스 여행도 해외유심/eSim은 말톡으로!,Trip
겨울 백두대간협곡열차와 몽토랑 산양목장,Trip
12월16일,Trip
야간보드강습,Trip
겨울 협곡열차,Trip
무주스키샵 하얀나라스키샵렌탈샵,Trip
곤지암스키장렌탈샵 쎄시봉,Trip
12월15일,Trip
2025년 강원도태백눈꽃축제 참가모집중,Trip
📢12월18일 라이브 복원고진 초특가 예정,Trip
딱2주만! 모두투어 오사카 단독특가!,Trip
최대 51% 할인! 추운 겨울에도 온가족이 따뜻하게!,Trip
접근성 최고👍 소피텔 방콕 스쿰빗 특가,Trip
13일 실시간,Trip
딱2주만 특가! 모두투어 스페인 여행 초특가,Trip
추위 걱정없는 따뜻한 워터파크 소노벨 오션어드벤처 천안,Trip
[딱!2주만특가!] 모두투어 오사카 여행 단독 초특가!,Trip
도심 속 힐링 휴양지 아쿠아필드!,Trip
중국 여행 시안 스냅 촬영 한복,Trip
무주스키장 스키강습은 무주하얀나라스키샵렌탈샵,Trip
이월드에 펼쳐진 빛의 마법! 일루미네이션부터 불꽃쇼까지,Trip
갓성비 5성⭐ 그랑데 센터포인트 수라웡 방콕,Trip
무주스키장,Trip
의류가 예쁜 스키샵 스노우밸리,Trip
방가투어 몽키트래블 치앙마이 BEST 호텔 최대 혜택,Trip
[풀빌라 특가⏰] 광안대교뷰 럭셔리 신상풀빌라,Trip
치앙마이 호텔 최대 58% 할인!,Trip
덕유산 설천봉 눈꽃,Trip
겨울에 뛰어놀 준비 완료! 씨엠지월드 키즈카페 3개점!,Trip
치앙마이 필수 코스! 왓우몽&도이수텝 투어✨,Trip
[딱!2주만특가!] 모두투어 스페인 여행 단독 초특가!,Trip
선착순특가! 겨울여수여행! 최대규모 윈터빌리지PKG,Trip
방가투어 몽키트래블 단독! 최대 할인 파타야 호텔,Trip
파타야 초특가 호텔 1박 10만원대부터!,Trip
가족여행 추천! 카오키여우 동물원 🦁,Trip
파타야 필수! 산호섬 해양 액티비티 투어🤿,Trip
가족여행 강추💕 하드락 호텔 파타야,Trip
오션뷰 수영장🌊 아카라 호텔 파타야,Trip
강서구 프리미엄 원룸 고시텔 메가스테이 화곡,Trip
강서구쉐어하우스 프리미엄 메가스테이 화곡,Trip
방가투어 몽키트래블 방콕 가성비VS럭셔리 최대32%할인,Trip
"중국 여행 시안 스냅 촬영 한복, 전통 복장",Trip
1박 9만원대 초특가 방콕 호텔,Trip
무주VIP스키샵 무주스키장 오픈~!,Trip
방콕 신상 쿠킹 클래스! 망고 쿠킹 스쿨🥭,Trip
로컬 탐방! 담넌사두억⛵+위험한 기찻길🚂,Trip
툭툭 타고 방콕 야경 한 바퀴🛵🌃,Trip
베스트셀러✨ 아유타야 선셋 리버크루즈,Trip
왕궁&에메랄드사원 포인트만 짚어드려요💯,Trip
리버보트⛵ 왕궁/에메랄드사원/새벽사원 투어,Trip
방콕 필수코스🛕 이것 하나면 끝!,Trip
럭셔리 호캉스✨ 두짓 타니 방콕 특가,Trip
카라반캠핑 일출여행 온라인최저가🔥,Trip
보라카이 말룸파티 TV에도 방영된 시크릿가든,Trip
무주스키샵,Trip
개장 할인가,Trip
[20% OFF] THE 26 딸기 스튜디오 라이브,Trip
이선민 기자의 '그맛이 알고싶다' 전북 맛집편,Trip
비상수 사무실 블랙프라이데이 세일,Trip
12/11 라이브 동안 풀빌라 초특가 예정❗,Trip
[LIVE 9] 가을 교토 청수사 현지 실황 Live,Trip
장비 관리잘하는 스키샵,Trip
[여수라테라스] 겨울여행! 시즌한정 윈터빌리지PKG,Trip
[블루밍데이즈] 탐나오 제주 5성급 호텔뷔페 모음전🍽,Trip
무주VIP스키샵 신상의류 둘러보기/무주스키장,Trip
다가오는 겨울! 클럽디오아시스에서 따뜻한 스파와 함께,Trip
★라이브특가!★ 군위 삼국유사 테마파크,Trip
[슈퍼위크]노랑풍선 호주 7일 패키지! 단독 특가!,Trip
여행 데이터 필수❤️유심사 eSIM 할인❤️,Trip
무주스키샵 스노우밸리,Trip
올해도 신상 장비 의류 많이준비했습니다,Trip
블랙 프라이데이 라이브 방송 세일,Trip
[슈퍼위크]온라인투어 나트랑 자유여행 5일! 단독특가!,Trip
다낭 공항 픽업부터 샌딩까지? 콩트립🚐💨,Trip
스키는 초보라도 패션은  프로처럼 ~~,Trip
스키장은 무조건 사진빨,Trip
[슈퍼위크]교원투어 이탈리아 남부 7일9일 특가!,Trip
제주도 가볼만한곳 NO.1 요트투어,Trip
겨울맞이 대단장한 숙소들,Trip
무주스키샵 하얀나라,Trip
"휴식,맛,재미! 양양에서 완벽한 겨울 여행",Trip
무주스노우밸리  스키샵 &펜션,Trip
"양양 겨울밤, 낭만의 야시장 포차와 함께",Trip
30일 새벽녘 설천하우스,Trip
❄️일본현지 버스투어❄️와쿠와쿠한 겨울방학,Trip
[슈퍼위크]참좋은여행 삿포로 4일 패키지! 단독 특가!,Trip
12월엔 양양으로 뜨끈한 온천 여행 어때? 더앤 리조트,Trip
겨울엔 온천! 가족과 함께 떠나는 힐링 여행,Trip
[여행을만들다] 맛집부터 마사지까지 알찬 다낭 여행,Trip
시흥 부천 광명 비상주사무실 실사지원,Trip
[슈퍼위크]피크타임 푸꾸옥 5일 자유여행! 단독 특가!,Trip
눈내리는 날 뜨끈한 노천탕에서 몸지지고 싶죠,Trip
아쿠아플라넷 4개지점 최대 51% 할인!,Trip
대만 택시투어 예스진지 예스폭지 예스허지,Trip
대만 타이핑산 투어,Trip
대만 카발란 증류소 투어,Trip
[슈퍼위크]모두투어 대만 4일 패키지! 네이버 단독특가,Trip
27일 제설작업,Trip
[슈퍼위크] 인터파크투어 동유럽 4국 9일 패키지,Trip
인천 청라 게임파티룸 겜겜 검단 김포 가정동,Trip
네이버여행 슈퍼위크! 하나투어 보홀 패키지,Trip
인천 청라 게임파티룸 겜겜 피씨방 공간 대여,Trip
[슈퍼위크] 하나투어 보홀 5일! 슈퍼위크 단독 특가!,Trip
경주월드 강력한 신상맛 추가! 스콜앤하티 커밍순!!,Trip
🏖️﻿나트랑 빈펄 풀빌라 가족여행🏖️,Trip
겨울 여행도 해외유심/eSim은 말톡으로!,Trip
카브 스키복 대여해 주는 무주렌탈샵,Trip
보라카이 여행의 정답은? 보라카이션!,Trip
[LIVE 8] 북해도 비에이 맛집 쥰페이 먹방 라이브,Trip
푸꾸옥 풀빌라 세일링 클럽 리조트 특가,Trip
영화의 한 장면 같은 호텔을 찾고 계신가요?,Trip
"네이버단독 이천 테르메덴, 숲속의 노천온천",Trip
다낭 풀빌라 나만 리트리트 리조트,Trip
2024 LIVE초특가! 원마운트 스노우파크!!,Trip
12월 6일부터 무민과 함께하는 에버랜드 윈터토피아!,Trip
함께하면 더 즐거운! 부산 아쿠아리움으로 떠나는 여행,Trip
[나트랑]퓨전 리조트VS멜리아 빈펄 깜란 흑백호캉스대전,Trip
다낭 신상 풀빌라&스위트 퓨전 리조트앤 빌라,Trip
인천공항콜밴 인천공항 픽업 샌딩 모넷 콜밴,Trip
추위 걱정없는 따뜻한 워터파크! 오션어드벤처 천안,Trip
[코타키나발루] 반딧불투어+무료시티투어 포함,Trip
LEGOLAND®의 크리스마스 마법! 메릭 브릭스마스!,Trip
다낭 갓성비 호텔 그랜드브리오 오션 리조트,Trip
카라반캠핑 온리인 최저가🔥,Trip
다낭 시내 가성비 호텔 칙랜드,Trip
그랜저 GN7 월렌트 저렴한 토마토렌트카,Trip
[코타키나발루] 필수투어! 마무틱 호핑투어,Trip
방가투어와 떠나는 발리 에어텔! 항공 최대 41% 할인,Trip
🔥 10% 할인! 블랙도시락데이 라이브,Trip
방가투어 발리특가호텔 10만원~30만원대까지,Trip
재미와 유익함 둘 다 있다!,Trip
푸꾸옥 신상 방갈로 리조트 그랜드 오션베이,Trip
가성비 가족형 호텔 푸꾸옥 프리미어 레지던스,Trip
나트랑 가성비 풀빌라 리조트 윈덤가든 깜란,Trip
코타키나발루 풀보드 호캉스 가야아일랜드리조트,Trip
가족여행 강추! 다낭 워터파크&온천 미카즈키,Trip
나트랑 올인클루시브 스완도르 리조트,Trip
#신화테마파크,Trip
"[앵콜재방송] 롯데월드 메가위크, 최대 45% 할인!",Trip
중국 교통카드; 중국 티머니; 중국 여행,Trip
[앵콜재방송] 도심 속 찜질스파와 물놀이! 아쿠아필드,Trip
"[앵콜재방송]롯데월드 메가위크, 최대 45% 할인!",Trip
"롯데월드 메가위크, 최대 51% 할인!",Trip
❤️360도 룸투어❤️대전숙소는 은하수디앤엠,Trip
이월드에 펼쳐진 빛의 마법!,Trip
스노클링 수중사진 누가  찍어줄래요?,Trip
국내 최고 높이의 서울스카이! 최대 46% 할인,Trip
💜대전 등산 모임💜 계룡산 수통골 숙소,Trip
💙대전 숙소💙 은하수디앤엠 레지던스 호텔,Trip
💚6명 단체 숙소💚모임 출장 퀸베드3개,Trip
💛대전 유성온천문화축제💛 고층 일몰 풍경,Trip
🧡대전 숙소 추천🧡 가족 유성여행 뿌시기,Trip
수익보단 양심을 남기는 패키지 워킹맘 투어!,Trip
야외로 나들이 가기 부담스럽다면? 과천 원더파크로!,Trip
도심에서 즐기는 찜질스파와 물놀이! 아쿠아필드 특가,Trip
서울 최대 규모의 롯데월드 아쿠아리움! 최대 51%,Trip
교원투어 딱2주만! 나트랑 패키지 48만원~,Trip
교원투어의 딱2주만 특가! 나트랑 패키지 48만원~,Trip
"베트남 나트랑, 푸꾸옥 ,남호이안 빈펄 풀빌라 가족여행",Trip
"환상의 세계, 롯데월드 어드벤처 부산 최대 51% 할인",Trip
무료배송 울100% 핸드메이드 뜨개 홀더,Trip
동해안 일출여행 온라인최저가‼️,Trip
보라카이 말룸파티 20초만에 알아보기 !,Trip
안산 화성 시흥 숲생태체험 밧줄놀이 지도사,Trip
365일 즐거움이 가득한 롯데월드 어드벤처 최대 50%,Trip
보라카이 필수코스 블랙펄 요트호핑투어 !!,Trip
christmas in seoulland 메리크리스마스,Trip
50%할인 캠핑장 펜션 바비큐 상품권 불타는 삼촌,Trip
50%할인 불타는 삼촌 캠핑장 펜션 상품권,Trip
프라이빗 스튜디오 네이키드 데이지,Trip
온라인최저가 보장‼️,Trip
"[앵콜재방송] 로봇랜드 야간9,900원! 연간권 첫판매",Trip
❣️대전 유성❣️ 가족여행 숙소는 은하수디앤,Trip
신비하고 아름다운 바닷 속 여행 서귀포잠수함,Trip
딱!2주만 특가! 시드니 패키지 116만원~,Trip
교원투어의 딱2주만 특가! 시드니 패키지 116만원~,Trip
스타리아 월렌트 9인승 11인승 토마토렌트카,Trip
"마산 로봇랜드 야간 9,900원! 연간권 온라인 첫판매",Trip
제주 카멜리아힐 동양에서 가장 큰 동백수목원,Trip
더마파크에서 펼쳐지는 세계최초 기마공연!,Trip
부산에서 떠나는 2박3일 일본 시모노세키 여행!,Trip
교원투어의 딱2주만! 사이판 패키지 63만~,Trip
교원투어의 딱2주만 특가! 사이판 패키지 62만원~,Trip
포항카라반캠핑 온라인 최저가보장‼️,Trip
두고두고 추억털이. 즐겁게 사진촬영하세요,Trip
부산에서 오사카까지!⭐투어땅과 함께 가자!⭐,Trip
#까사로마호텔 부대시설은 이밖에도...,Trip
돌핀와칭 N회차 즐기는 이유,Trip
[~62%] 온가족과 함께 즐기는 아산 스파비스,Trip
[여수호캉스] 국내최대 크리스마스 테마존! 객실패키지⚡,Trip
오직 워킹맘 투어에서만 볼 수 있는 야경🚢,Trip
알려지지 않은 스노클링 명소,Trip
베트남의 보석! 피크타임의 푸꾸옥 자유여행,Trip
과거와 현재를 넘나드는 상하이 타임슬립팩!,Trip
필리핀🇵🇭 자유여행 투어 모음,Trip
"경주에서 스릴과 속도를 즐기는 ATV,카트",Trip
베트남의 숨겨진 보석! 피크타임의 푸꾸옥 자유여행,Trip
[여수리조트] 국내최대 크리스마스 테마존! 객실패키지⚡,Trip
대마도 승선권&1박2일 투어⭐️투어땅과 함께 가자!⭐️,Trip
스토어 오픈기념 일주일만 무료배송 이벤트,Trip
토리비즈니스센터 비상주사무실 공유오피스,Trip
🩷일본현지 버스투어🩷와쿠와쿠와 단풍사냥 버스투어!,Trip
★갓 가성비! 부산출발 워킹맘투어 2일차!★,Trip
[앵콜재방송] 최대 55% 할인! 온가족이 따뜻하게!,Trip
라벤더색상추가/크기선택가능/핸드메이드,Trip
부산출발 워킹맘투어 1일차! 설명란 참고 ↓,Trip
홍천펜션,Trip
초특가! 599천원~ 코타키나발루 자유여행,Trip
초특가! 599천원부터~ 코타키나발루 자유 vs 세미팩,Trip
홀더크기선택가능/라벤더색상추가/핸드메이드,Trip
부산출발 배편 2박3일 일본 워킹맘 투어!,Trip
가을캠핑 카라반캠핑장🐳온라인최저가보장🔥,Trip
아쿠아플라넷 3개 지점 최대 51% 할인!,Trip
참좋은여행 초특가 서유럽 3개국 250만원~,Trip
홍콩크루즈에서 맞이하는 미리 크리스마스 캐빈 only,Trip
대구 네이처파크 할로윈 페스티벌 마지막 초특가!,Trip
티웨이x참좋은여행 초특가! 서유럽 3개국 250만원~,Trip
최대 55% 할인! 가을/겨울에도 온가족이 따뜻하게!,Trip
부관훼리 일본 워킹맘투어 패키지 2박3일,Trip
"텀블러홀더(울100%,락앤락,스탠리,기타등)",Trip
부관훼리 워킹맘 투어 2박3일 패키지,Trip
해외유심과 esim은 대표 로밍 플랫폼 말톡으로!!,Trip
인생사진 맛집📷 소 방콕 최대 혜택!,Trip
9월 오픈✨ NEW 두짓 타니 방콕 특가,Trip
핸드메이드 울100% 오픈기념알림받기중복쿠폰,Trip
울100%핸드메이드(알림받기2000중복할인),Trip
[앵콜재방송]아산 피나클랜드 오천만송이 국화꽃&불꽃축제,Trip
[앵콜라이브]도심 속 힐링 휴양지 아쿠아필드!,Trip
참좋은여행 초특가 타이페이vs가오슝 50만~,Trip
[얼리버드 특가] 나트랑 아나만다라 깜란,Trip
[아산]피나클랜드 오천만송이 국화꽃향기&불꽃축제,Trip
티웨이x참좋은여행 초특가! 타이페이vs가오슝 50만원~,Trip
블러드시티8과 함께 더 오싹한 에버랜드 종일권 ~46%,Trip
무제한으로 즐기는 코엑스아쿠아리움 연간권!,Trip
황화 코스모스의 노란 물결! 화려한 초대형 불꽃쇼!,Trip
[딱 2주만!]이탈리아 초특가! 170만원~,Trip
티웨이x참좋은여행 딱2주만 특가! 이탈리아 170만원~,Trip
[하이원리조트] 추계 특별 객실패키지 & 워터월드이용권,Trip
부산요트투어 2번 타야 제대로 즐긴겁니다^^,Trip
북한강을 품은 키즈 풀빌라 비클래시,Trip
[보홀] 투어비스의 안심 든든 호캉스!,Trip
[블루밍데이즈]트래블고 속초 아이파크 호텔 마지막 특가,Trip
"Happy Autumn, 안성코스목동축제",Trip
보홀 야하이호핑,Trip
LEGOLAND® 화려한 불꽃놀이 피날레!,Trip
원더파크 SUPERMOON DAYS! 가을 맞이 라이브,Trip
대구 네이처파크 할로윈 페스티벌 패키지 초특가!,Trip
다낭 3박 5일 골프 패키지 여행,Trip
일출여행 온라인 최저가🔥,Trip
[가격 인하] 발리 포시즌스 앳 짐바란 베이,Trip
[나트랑] 아나만다라 깜란 리조트,Trip
"[핫플버스] 제주도 감성코스 3종, 동부프리미엄 할인!",Trip
[60%] 온가족과 함께 즐기는 아산 스파비스,Trip
부산요트투어 액티비티 부산여행 해운대 요트,Trip
"365일 즐거움이 가득한 공간, 롯데월드 최대 48%",Trip
대마도 쾌속선 팬스타 쓰시마링크호,Trip
마산 로봇랜드 종일/오후권 최대 50% 할인,Trip
다낭 노옵션 노쇼핑 4박 5일 패키지 여기!,Trip
노옵션! 노쇼핑! 다낭패키지 찾고 계신가요?,Trip
10월 숙박 온라인 최저가🔥,Trip
방가투어와 떠나는 세부 제이파크 리조트+항공권 특가,Trip
[동작이알고싶다] 동작구에서 만나는 그리스 산토리니💙,Trip
방가투어 세부 제이파크 리조트 에어텔,Trip
"다낭 여행의 ""꽃"" 참섬 호핑투어 완전정복!",Trip
다낭 핫스프링파크 온천과 워터파크를 동시에!,Trip
트래블고-속초 아이파크 스위트 호텔,Trip
심통 일본 eSIM 100원!,Trip
🩷일본현지 버스투어🩷와쿠와쿠와 가을을 맞아요~,Trip
[푸꾸옥] 위치 깡패 호캉스 자유여행 특가!,Trip
[중소기업유통센터X여행을만들다] 몽골 여행 티켓,Trip
부산 이색데이트~ 뻔한 데이트는 NO!🤷,Trip
⏰ 주말한정툭가 세라젬 웰파크,Trip
불멍의계절🔥카라반캠핑 온라인 최저가🔥,Trip
"호이안 엑기스 투어, 놓치면 여행 끝난다!",Trip
"다낭 바나힐 투어, 안 가면 다들 후회한다!",Trip
아직 끝나지 않은 캐비의 계절!,Trip
보홀 야하이호핑투어,Trip
"맛,멋,열정을 담은 전주,로컬 경험 관광 2부",Trip
"맛,멋,열정을 담은 전주,로컬 경험 관광 1부 JICA",Trip
대구 네이처파크 할로윈 패키지 초특가!,Trip
"9, 10월 밤하늘을 수놓은 화려한 초대형 불꽃쇼!",Trip
온라인최저가 4만원대 카라반캠핑,Trip
보홀호핑 돌고래 발리카삭 고래상어 투어 !!,Trip
비수기 최대 50%할인,Trip
알펜시아 인터컨티넨탈입니다,Trip
9월/10월 갓성비 여수여행&리조트 내맘대로PKG,Trip
도심에서 즐기는 찜질스파와 물놀이! 아쿠아필드 전지점,Trip
에버랜드 종일권 최대 45%할인 가을맞이 특가,Trip
강남 노보텔 novotel_gangnam,Trip
"JW 메리어트 동대문 스퀘어 서울, 야외 가",Trip
이비스 앰배서더 명동 호텔,Trip
홀리데이인 광주호텔 킹베드스위트에서 수영장으,Trip
머큐어 앰배서더 제주,Trip
[ #서울호텔 편 : 스타즈호텔 독산],Trip
[앵콜재방송] 이국적인 뷰 여수 라테라스 리조트,Trip
원더파크 SUPERMOON DAYS! 가을맞이 라이브,Trip
차박캠핑! 이제 가성비 좋은 레이캠핑카렌트로,Trip
지속되는 무더위엔 시원한 워터파크! 소노벨 오션어드벤처,Trip
⏰단독특가 파라다이스 원더박스 ‼️,Trip
여수초호화리조트&호텔💛설레는비밀특가 LIVE!,Trip
아쿠아플라넷 4개점 최대 51%할인!,Trip
코오롱호텔 숙박권 라이브방송 런칭,Trip
[트래블고]속초 아이파크 스위트 호텔 추석 예약 가능!,Trip
푸르른 바다와 이국적인 뷰 여수 라테라스 리조트,Trip
[~64%] 온가족과 함께 즐겨요 아산 스파비스!,Trip
🔥 핫딜 한국민속촌 자유이용권 ‼️,Trip
🌊루프탑에서 즐기는 속초 아이파크 스위트,Trip
[치앙마이]10월 황금 연휴에도 출발 가능!,Trip
가을여행 카라반낭만 온라인최저가,Trip
속초 아이파크스위트호텔 숙박 라이브,Trip
전상품 10% 할인! 추석맞이 도시락 라이브💛,Trip
RUN! 횡성루지에서 대자연을 달려라! 최대 38%할인,Trip
🔥핫딜 10만원대 가성비 호캉스✨✨,Trip
모두투어 다낭 패키지여행 네이버 초특가!,Trip
[다낭]다낭 31.4만원부터~ 네이버여행 2주간 초특가,Trip
🌟동행축제 추석맞이 샤또나드리 기획전!🌟,Trip
"이천 테르메덴 풀&스파, 천연온천수로 즐기는 숲속 온천",Trip
경주월드 오싹&짜릿한 가을 맛보기 어텀?!,Trip
🔥단독특가 키자니아 서율/부산 반일권,Trip
9월 추석연휴 말톡 유심/eSim으로 준비하세요!,Trip
가을시즌 온라인 최저가 확정‼️,Trip
[사이판] PIC vs 켄싱턴 올인클루시브 여행,Trip
✨가성비 좋은 프라이빗 요트,Trip
"🔥단하루, 초특가🔥 여수라테라스워터파크 9월/10월",Trip
금호화순아쿠아나 이용권 최대 57% 할인!,Trip
여행온여수 라이브 방송,Trip
LEGOLAND®  최대 49%할인 판매!,Trip
🎉🎉 이월드 펌킨페스타 OPEN,Trip
✨낭만 가득한 부산 야간 요트투어🌟,Trip
들꽃잠 힐링센터에서 전신찜질디톡스어싱체험하기,Trip
[트래블고]속초 아이파크 스위트 호텔 12/30까지🎉,Trip
"온천수 스파&워터파크, 파라다이스 스파 도고!",Trip
💗일본현지 버스투어💗와쿠와쿠와 파란 가을하늘 맞이,Trip
[대구관광특집]삼국유사테마파크입장권50%할인!4천원부터,Trip
[대구관광특집]스위트룸최대74%할인!할인가15만9천원,Trip
🤫단하루 비밀특가! 여수워터파크&수상레저 특가🔥,Trip
찜질하면 몸이 가벼워지고 잠도 잘옵니다,Trip
방가투어 방콕 BEST호텔 특가전,Trip
방가투어&몽키트래블과 떠나는 방콕 BEST 호텔 특가!,Trip
편리한 해외여행! 유심통과 함께하세요!,Trip
🩵부산 요트 주간투어 장점🩵,Trip
포항 카라반 캠핑 온라인최저가🔥,Trip
[엔데이트립 LIVE 7] 카발란증류소 랜선 투어,Trip
"[앵콜재방송]아쿠아필드 전지점, 도심 속 시원한 물놀이",Trip
[앵콜재방송] 최대 55% 할인! 웅진플레이도시!,Trip
⏰주말특가 로봇랜드 이용권,Trip
[앵콜재방송] 영남 최대규모 강동워터파크 올인패키지,Trip
"[경주특집] 카트레이싱,ATV 50% 특가 판매!!",Trip
[경주특집] 휴가는 데이스위트와 50% 할인 특가!,Trip
카라반캠핑장 50%할인 최저가,Trip
[세부 보홀] 세부vs보홀 최저가 도전! 슬림 패키지,Trip
[김해 롯데워터파크] 10주년 기념 앵콜 라이브 진행!,Trip
에버랜드 종일권 최대 48%할인 가을맞이 특가,Trip
[경주특집] 황리단길과 함께하는 몽상가 숙박 특가!,Trip
1시간한정! 여수초호화리조트🤍 9월 올인클루시브PKG,Trip
"아쿠아필드 전지점, 더운 날씨 도심 속 시원한 물놀이",Trip
브라이덜샤워,Trip
부산 유일 수영강 요트투어🛥,Trip
최대 55% 할인! 날씨 걱정없는 웅진플레이도시!,Trip
단독특가 휘닉스평창 키즈올인원PKG,Trip
영남 최대규모 강동워터파크 올인패키지(입장+조끼+식사),Trip
해외유심/eSim은 말톡으로! 여름휴가 준비하세요!!,Trip
후쿠오카 소도시여행. 우오한료칸,Trip
온라인 최저가 카라반캠핑,Trip
마장호수 바베큐- 한우 토마호크로 즐기세요~,Trip
천연암반수 수영장,Trip
유다온천 시모노세키 야마구치현 일본여행,Trip
[앵콜재방송] 부산의 핫플 클럽디오아시스!,Trip
🔥 주말특가 웨이브파크 워터파크,Trip
전국 챔피언1250&블랙벨트 57개지점 키즈파크!,Trip
나도랑게의 쇼핑라이브,Trip
발리이심 (eSIM) 으로 데이터 걱정 끝!,Trip
8월.잔여객실 온라인 최저가,Trip
여수 라테라스리조트&워터파크+숙박권PKG!,Trip
"김포 공유오피스, 오피스일공육 고촌",Trip
🚍북해도/후쿠오카/오사카/오키나와 버스투어~라이브~,Trip
즐거움 두배! 롯데월드아쿠아리움&서울스카이 최대 68%,Trip
광주! 여행한번으로 완전정복! #광주관광 #메이투어,Trip
라이브 특가! 캠프통포레스트 리뉴얼 기념 최대 35%,Trip
무더운여름! 광주맛집여행어때? #광주관광 #메이투어,Trip
호주 이심(eSIM)으로 여행 로밍비 절약,Trip
프리미엄 스파&워터파크 부산의 핫플 클럽디오아시스!,Trip
8월잔여객실 최저가🔥,Trip
"[앵콜재방송]여름을 기다린 이유, 여름엔 캐비니까!",Trip
[앵콜재방송]워터-mazing! 캘리포니아비치&경주월드,Trip
아직도 침구류 '재탕'하는 숙소를 가시나요?,Trip
[앵콜재방송]아쿠아밤&불꽃쇼까지! 이월드 54% 할인!,Trip
[앵콜재방송]캠프통포레스트 리뉴얼 기념 최대 30%,Trip
포항 구룡포 오션뷰! 프라이빗한 글램핑장🩷,Trip
운이 좋으면 독배로도 나가요^^,Trip
🔥 핫딜 라테라스 워터파크 특가,Trip
태국 방콕 버스+레스토랑 투어,Trip
[비밀특가] 여수라테라스&워터파크 싹-!쓸어 라이브💥,Trip
쿨하게 워터-mazing! 캘리포니아비치&경주월드!,Trip
"여름을 기다린 이유, 여름엔 캐비니까!",Trip
[~65%] 온가족과 함께 즐겨요 아산 스파비스!,Trip
[첫방특가] 여름엔 가평빠지! 수상레저 청춘빠지 모비딕,Trip
일본 이심(esim) 5G 데이터 무제한,Trip
아쿠아밤부터 초대형 불꽃쇼까지! 이월드 최대 59%,Trip
8월땡처리/9월얼리버드 워터파크+숙박권PKG!,Trip
여름의 핫스팟! 소노벨 오션어드벤처 천안!,Trip
[대구관광특집]대구 워터파크 스파밸리 초특가 70%할인,Trip
"올 여름, 가평 물놀이 성지 워터플레이&레저캠프로!",Trip
태국 이심 5G 데이터 무제한+통화,Trip
[설악워터피아] 시원하고 짜릿한 여름바캉스 설악워터피아,Trip
🔥핫딜 라한호텔 키즈올인원 PKG,Trip
도심 속 워터파크! 하비오 워터킹덤으로 GO!,Trip
여름방학 아쿠아 캠프! 사이언스나이트캠프!,Trip
라이브 최초진행! 남녀노소 오션뷰로 즐기는 워터파크,Trip
라이브 특가! 캠프통포레스트 리뉴얼 기념 최대 30%,Trip
8월 연휴도 말톡 해외유심/eSim과 함께하세요!,Trip
짜릿한 파도를 즐기길 원한다면? 웨이브파크로!,Trip
포항 애견동반 글램핑장,Trip
[앵콜재방송]영남 최대규모 강동워터파크 올인패키지,Trip
단양 패러글라이딩 체험,Trip
[앵콜재방송] 클럽디 오아시스 워터파크&스파 이용권,Trip
[핫플버스] 제주도 ⭐감성투어3종⭐ 버스투어 입장료무료,Trip
더운 여름 Cool 하게 원더파크에서!,Trip
🔥 핫딜 OPEN 부산 하운드호텔,Trip
영남 최대규모 강동워터파크 올인패키지,Trip
8월부터 11월까지 이용 가능한 알펜시아리조트 특가!,Trip
"아쿠아플라넷 2개점 (일산, 광교) 최대 53%할인!",Trip
올 추석 나의 힐링포인트,Trip
물놀이 슈퍼 루키! 롯데월드 어드벤처 부산 특가,Trip
올 추석 연휴 크루즈,Trip
🔥핫딜 인천파크마린 호키수캉스 PKG,Trip
클럽디 오아시스 워터파크&스파 이용권,Trip
당일단독할인 온라인최저가,Trip
[엔데이트립 LIVE 6] 삿포로 맥주 축제 랜선투어,Trip
고객님들의 찐 리뷰 먼저 보시고 결정하세요!,Trip
🩵일본현지 버스투어🩵이번 여름 와쿠와쿠랑 시원하게~,Trip
🐶순둥순둥 가을이🐶와 불멍하지 않을래요?,Trip
불멍/바다멍/펫멍! 3대멍이 가능한 글램핑장,Trip
[푸꾸옥] 베트남의 숨은 진주! 푸꾸옥 세미패키지,Trip
"아쿠아필드 전지점, 더운 날씨 도심 속 시원한 물놀이!",Trip
마산 로봇랜드 종일/오후권 최대 50%할인,Trip
오늘 마감! 소노벨 오션어드벤처 천안 특가,Trip
코스타 세레나호 부산출발 일본크루즈여행,Trip
펀앤챌린지 커밍쑨! 짜릿한 즐거움이 가득한 스파크랜드!,Trip
대구 워터파크 스파밸리 라이브 초특가,Trip
동양의 나폴리에서 휴가를! 나트랑 자유여행,Trip
"태안 낚시 체험패키지 짜릿한 손맛, 지금 바로 떠나자!",Trip
부산출발 일본크루즈여행 MSC 벨리시마호,Trip
[나트랑] 동양의 나폴리에서 휴가를! 나트랑 자유여행,Trip
온라인 최저가‼️,Trip
일산공유오피스 비상주사무실,Trip
방가투어와 떠나는 소노벨 오션 어드벤처 천안&객실패키지,Trip
7월/8월 워터파크+숙박권PKG! 빠지까지 싹- 할인!,Trip
짜릿한 파도를 즐기길 원한다면 웨이브파크로!,Trip
에버랜드 종일권 최대 40%할인 여름맞이 특가,Trip
해외유심/eSim은 말톡으로! 해외여행 준비해 보세요,Trip
무창포카라반캠핑 7~10월 숙박권 할인 EVENT !!,Trip
청양여행 한옥펜션 단독펜션 청양펜션 가족여행,Trip
극성수기 온라인 최저가‼️,Trip
썸은 이제그만! 오늘부터 1일 할 사람만 봐,Trip
[앵콜재방송] 다이나믹 아쿠아밤 대구 이월드 최대66%,Trip
[앵콜재방송] 캠프통포레스트 리뉴얼 기념 최대 30%,Trip
온라인 최저가 숙박권,Trip
몽골 테를지 여행 하기,Trip
몽골여행 홉스골 호수 차탕족 순록체험,Trip
몽골 고비사막 정상 홍고린엘스,Trip
몽골 중부 초원 오프로드 달리기,Trip
몽골여행 스위스감성 홉스골 호수 보트,Trip
몽골여행 테를지 독수리 체험,Trip
[대구관광특집]호캉스 끝판왕! 호텔수성 74%할인,Trip
꼼꼼히 따져야 하는 비상주 사무실!,Trip
[핫플버스] 제주도 감성코스 3종+우도투어 할인,Trip
[사이판]이번 여름 휴가는 사이판으로 출발~,Trip
[사이판] 에메랄드 빛 바다로! 이번 여름은 사이판!,Trip
[대구관광특집] 매일매일 색다른 즐거움 대구아쿠아리움,Trip
"NEW WORLD, 오션월드",Trip
[김해 롯데워터파크] 10주년 기념 첫 라이브 진행!,Trip
🔥할인 썬밸리호텔 올인원 PKG,Trip
몽골 테를지 국립공원 가즈아,Trip
다이나믹 아쿠아밤으로 핫한 대구 이월드 최대 66%,Trip
부산출발 대만일본크루즈여행,Trip
몽골 나담축제 행사 기마의장대,Trip
성수기 온라인 최저가‼️,Trip
몽골 나담축제 행사,Trip
미국이심 : 미국여행 필수품 미국esim,Trip
몽골여행 몽골춤 울란바타르,Trip
"아쿠아플라넷 3개점 (일산, 광교, 여수) 최대 51%",Trip
여름엔 캐비지! 스릴 가득 SUMMER CABI!,Trip
일본 전화번호 050 티켓피아,Trip
애견동반 동해안오션뷰,Trip
단 4일 ~50% 할인! 날씨 걱정 없는 웅진플레이도시,Trip
여수초호화리조트 싹-!쓸어 라이브🔥,Trip
라이브 특집! 캠프통포레스트 리뉴얼 기념 최대 30%,Trip
겨울 노천탕 같은 사계절 온수풀 호텔,Trip
비가 와도 수영을 즐길 수 있는 제주도 호텔,Trip
"1인 1스테이크 제주 특급호텔 조식,룸서비스",Trip
크리스마스 한국출발 일본크루즈,Trip
제주도 인피니티 온수풀(골드원호텔앤스위트),Trip
극성수기 온라인 최저가,Trip
일본 이심 유심 전화번호 일본여행 필수품,Trip
포항 24년 신축 오션뷰 풀빌라 7~10월 LIVE !,Trip
"[앵콜재방송]신나는 모험이 기다리는 곳, 놀자숲!",Trip
포항 카라반캠핑장 온라인 최저가!!,Trip
"[청도] 맥주와 바다의 도시, 청도 패키지 여행",Trip
썸머한정특가 웰리힐리파크 워터플래닛 최대 62%,Trip
[오션700] 알펜시아리조트 썸머 페스티벌,Trip
금호화순아쿠아나 성수기 이용권 최대 41%할인!,Trip
7월성수기 초특가 할인,Trip
포항 오션뷰 글램핑 50%최저가,Trip
올여름 비가와도 운영되는 소노벨 오션어드벤처 천안!,Trip
"신나는 모험이 기다리는 곳, 놀자숲!",Trip
여수리조트&워터파크 싹!특가🤍매주 수요일 11시💨,Trip
제주1호 국민보양온천 제주 오레브 핫스프링앤스파,Trip
카라반캠핑 온라인최저가 최대60%,Trip
[~55%] 온가족과 함께 즐겨요 아산 스파비스!,Trip
세부 암스테르담 드론호핑투어 예약!,Trip
포항 애견동반 오션뷰 글램핑,Trip
식사와 함께 즐기는 부산 요트투어,Trip
슬라이드 리뉴얼 오픈! 파라다이스 도고!,Trip
포항 애견동반 숙소,Trip
무아르파티룸,Trip
대전 파티룸 브라이덜 루나 스튜디오,Trip
포항 구룡포 반려가족 글램핑 성수기,Trip
🔥🔥!! 핫딜 라테라스리조트 썸머 PKG,Trip
파주 DMZ 힐링팜 유적답사와 가족키즈를 위한 역사체험,Trip
[대구관광특집]대구 워터파크 스파밸리 최대 66% 할인,Trip
몽골여행 싹다 아름다운 감성 오케이트래블,Trip
몽골여행 쳉헤르온천 체험 오케이트래블,Trip
몽골여행 아름다운 쳉헤르풍경 오케이트래블,Trip
몽골여행 미니사막 낙타체험 오케이트래블,Trip
몽골여행 유목민게르체험 방문 오케이트래블,Trip
몽골여행 미니사막 게르캠프 ㄱㄱ 오케이트래블,Trip
몽골여행 테를지 초원 바이크타기 오케이트래블,Trip
몽골여행 미니사막 소원나무 오케이트래블,Trip
몽골여행 호쇼르 부즈 먹방하러 오케이트래블,Trip
몽골여행 양꼬치구이 양고기 오케이트래블,Trip
몽골여행 불멍 캠프파이어 오케이트래블,Trip
몽골여행 울란바타르 쌍무지개체험 오케이트래블,Trip
몽골여행 테를지 초원 유목민게르 오케이트래블,Trip
몽골여행 환영다과 아롤 오케이트래블,Trip
몽골여행 울란바타르 독수리체험 오케이트래블,Trip
몽골여행 기마민족 여자 승마 오케이트래블,Trip
몽골여행 몽골인 최강 승마력,Trip
포항유니의바다🐳성수기 할인🐳,Trip
짜릿한 휴가계획 여기로!,Trip
9월 8일 대만-속초 4박5일 129만원,Trip
포항카라반캠핑 온라인 최저가,Trip
2025년 부산출발 일본크루즈여행,Trip
[대구관광특집] 대구의 5성급✨ 메리어트 호텔 LIVE,Trip
시원 짜릿하게 놀캉스♥ 캘리포니아비치&경주월드!,Trip
여름휴가는 말톡이지! 고민없이 선택하는 해외유심 이심!,Trip
[대구관광특집] 대구최대빠지 수상레저 워터파크 핀스파크,Trip
[앵콜재방송][하이원리조트] 워터월드 얼리버드 특가🌊,Trip
제주스카이랩 2인승 패러글라이딩 체험,Trip
이라프 스이 어 럭셔리 콜렉션 호텔 미야코,Trip
9 호텔 하카타,Trip
더 로얄 파크 호텔 도쿄 시오도메,Trip
[엔데이트립]여름에 더 시원한 북해도 비에이 투어 특가,Trip
포항카라반캠핑장 온라인최저가‼️,Trip
괌으로 여행갈래? 인기BEST3 돌핀 별빛 정글 초특가,Trip
마쓰야마 도고 온센 호텔 코와쿠엔 하루카,Trip
[푸꾸옥] 취향껏 숙소를 고르는 자유여행,Trip
롯데 시티 호텔 긴시초 도쿄,Trip
유후인 와노야도 사기리테이 료칸,Trip
[일본][오이타현]산소우 텐스이,Trip
[푸꾸옥] 취향껏 숙소를 고르는 특별한 자유여행~,Trip
[하이원리조트] 워터월드 하계성수기 얼리버드 특가🌊⏱,Trip
올해 첫 실외존 전체 OPEN 소노벨 오션어드벤처 천안,Trip
베가시티 레지던스 다은,Trip
"아쿠아필드 전지점, 도심 속 시원한 물놀이!",Trip
더 베이직스 후쿠오카,Trip
헨 나 호텔 오사카 난바,Trip
오야도 유후노쇼(Oyado Yufunosho,Trip
로봇랜드 종일권,Trip
[코타키나발루]여름방학 가족여행 강력 추천!,Trip
🔥 핫딜 숲속곰디체험학교,Trip
[코타키나발루] 아름다운 석양! 코타키나발루 패키지,Trip
포항 구룡포 2024년 신축풀빌라,Trip
방가투어와 떠나는 몬드리안 홍콩 에어텔 특가!,Trip
추석 황금연휴 크루즈!,Trip
9월 8일 출발 4박 5일 패키지,Trip
첫 라이브 단독 혜택! 해외여행 로밍은 유심통으로!,Trip
포항카라반캠핑,Trip
[앵콜재방송]도심 속 파도를 즐기길 원한다면 웨이브파크,Trip
일본 후쿠오카 와키타 온센 난스이카쿠,Trip
💗일본 현지 버스투어! 와쿠와쿠버스 여름맞이할인💗,Trip
[앵콜재방송] 남산 도심 속 로맨틱 아일랜드 N서울타워,Trip
슈퍼 호텔 벳부 에키마에,Trip
[앵콜재방송] 리뉴얼특가 최대 30%할인 캠프통포레스트,Trip
퐁실퐁실 수국으로 가득한 파더스가든❤️,Trip
게임파티룸 생텀 강남2호점,Trip
[다낭] 휴양과 관광의 도시! 다낭 패키지,Trip
🔥 단독특가 스파밸리 3인 이용권,Trip
[덤덤퀴즈] 하이원 VS 웰리힐리🏖️역대급 써머 특가,Trip
"[하이원리조트] 짜릿한 여름 바캉스, 최대 76%할인!",Trip
도심 속 파도를 즐기길 원한다면? 웨이브파크로!,Trip
[괌] 괌 최대규모 워터파크 호시노 리조나레,Trip
[북해도 LIVE] 노보리베츠 지옥계곡 라이브,Trip
제주도 연산호,Trip
[괌] 워터파크 리조트에서 즐기는 시원한 자유여행,Trip
[남산] 도심 속 로맨틱 아일랜드 N서울타워,Trip
[24년 리뉴얼 특가] 최대 30%할인! 캠프통포레스트,Trip
캘리포니아비치&경주월드 기다려왔썸머♥ 본격여름준비!,Trip
"행복한 해외여행, 해외유심/eSim은 말톡으로!",Trip
미니칸 레이캠핑카렌트 감성차박패키지,Trip
유니의바다 카라반캠핑장 당일치기 4만원?,Trip
여수초호화리조트&호텔💛핫뜨뜨 현장 실시간LIVE!,Trip
"유니의바다 카라반캠핑장 79,000원부터~",Trip
[세부] 상그릴라 막탄세부 에어텔 3박,Trip
[세부] 필리핀의 진주! 세부 자유여행,Trip
"추석연휴, 온가족이 함께하는 크루즈여행!",Trip
부산 도심 속 요트투어✨,Trip
[크루즈] 황금연휴에 떠나는 올인클루시브 추석크루즈!,Trip
드론쇼투어 지금 할인중~,Trip
LEGOLAND®  2주년기념 최대 40%할인 판매!,Trip
FEEL THE SUMMER 캐리비안베이,Trip
올 여름 물놀이는 모두 모였다! 수상레저 모음zip,Trip
이월드 아쿠아월드 OPEN,Trip
💙부산유일 더베이출발 요트탈래💙,Trip
부산 아쿠아리움으로 떠나는 즐거운 여행!,Trip
홍게1박스를 주는 신축 풀빌라가 있다!?,Trip
사장님 마음 바뀌기 전에 어서 예약하세요!!,Trip
사장님 마음 바뀌기 전에 빨리 예약하세요!!,Trip
베가시티 레지던스 휴식,Trip
"6월 이월드, 트로피컬 아쿠아월드! 커밍순!",Trip
한옥호텔 정읍 스테이풀꽃 오픈기념 프로모션,Trip
포항 유니의바다 카라반캠핑장,Trip
베가시티 레지던스 키즈룸,Trip
[엔데이트립 LIVE] 여름 북해도 추천 샤코탄 라이브,Trip
스페셜한 포항 M스테이 풀빌라로 모시겠습니다,Trip
"이천 테르메덴 풀&스파, 천연온천수로 즐기는 노천온천",Trip
호텔급의 카라반캠핑장을 소개할게요,Trip
[앵콜재방송] 럭키온천수☆ 소노벨 오션어드벤처 천안!,Trip
스냅 사진이 무료! 판랑 투어🌴나트랑 산티아고투어🌴,Trip
푸꾸옥 하이엔드 자유여행,Trip
"아쿠아필드 전지점, 더워지는 날씨 시원한 물놀이!",Trip
[푸꾸옥] 하이엔드 자유여행 3박5일 & 4박5일,Trip
온천수라니 럭키비키잖아☆ 소노벨 오션어드벤처 천안!,Trip
요트마루는 매일 불꽃놀이중~,Trip
원더파크가 서울대공원에 찾아왔어요🔮수도권 30분거리!,Trip
AC메리어트 강남 호텔프로포즈,Trip
포항바다를 바로 앞에 두고 즐기는 바베큐파티,Trip
아침고요수목원,Trip
"프리미엄 힐링 스파, 중흥 & 어뮤즈 스파로!",Trip
[~50%] 블루캐니언 블루시즌 종일권 특가!,Trip
풀빌라여행도 즐기고 자숙홍게 1박스도 맛보고,Trip
방가투어 풀만 다낭&프리미어 빌리지 다낭특가,Trip
[사이판] 사이판 PIC에서 별빛크루즈까지!,Trip
피크닉대여/피크닉택배대여/피크닉세트대여/,Trip
방가투어와 떠나는 다낭 여행! 프리미어 빌리지&풀만,Trip
2024년 상반기 여행은 유니의바다닷!!!,Trip
하루하루투어 일본 버스투어,Trip
해외여행 유심패스와 함께! 첫 라이브 특별 이벤트!,Trip
어메니티로 홍게1박스 주는 풀빌라가 있다?,Trip
63빌딩 레스토랑프로포즈,Trip
63빌딩레스토랑 프로포즈,Trip
로맨틱한 한강야경 샴페인크루즈,Trip
베가시티 레지던스 파스텔,Trip
하노이 5성급 호텔로 떠나는 럭셔리 가족여행,Trip
베가시티 레지던스 베이지,Trip
핫딜! 마산 로봇랜드 입장권 특가!,Trip
[하노이] 하노이 5성급 호텔로 떠나는 럭셔리 가족여행,Trip
에버랜드를 가야하는 이유! 장미축제부터 쌍둥바오까지!,Trip
전신찜질 어싱디톡스 할 수 있는 힐링센터,Trip
최대 51% 할인! 여름맞이 준비는 웅진플레이도시에서!,Trip
"준성수기에 79,000원 오션뷰 객실이 있다",Trip
COMEBACK SUMMER CABI,Trip
[사이판] 사이판 PIC에서 별빛크루즈까지 즐겨요~,Trip
세이지우드 홍천 네쇼라 단독 특가!,Trip
홍게1박스를 무료로 드리는 풀빌라가 있다?,Trip
방가투어와 떠나는 세이지우드 홍천 특가 여행!,Trip
[홍게주는풀빌라]24년 신축 구룡포,Trip
"다낭 3박5일 59,900원 5성급호텔 숙박+식사+관광",Trip
#개핵꿀잼 #강화루지,Trip
섬장의 쇼핑라이브,Trip
💗일본 현지 버스투어! 와쿠와쿠버스와 함께 해요💗,Trip
3시간 동안 VIP 대접 받기✨,Trip
탁 트인 서해를 따라 달리는 자전거🚲,Trip
🚍일본 오키나와 &  후쿠오카 버스투어 티켓~라이브~,Trip
파노라믹65는 러브시티에서..,Trip
6-7월 제주를 여행한다면 수국 터널,Trip
[도쿄] 에어로케이 항공 타고 자유여행 가자!,Trip
경주월드&캘리포니아비치 기다려왔썸머♥ 여름맛 준비완료!,Trip
포항숙소 객실안에 찜질방과 가족탕,Trip
들꽃잠 힐링센터 전신온열찜질 어싱프로그램,Trip
10/2 출발 한번에 8개도시 크루즈여행,Trip
무이네 사막투어 현실🏜️,Trip
수국수국한 카멜리아힐,Trip
🇻🇳푸꾸옥 사파리에서 🦒기린이랑 놀면,Trip
🚍일본 오사카 교토 / 북해도 버스투어 티켓~라이브~,Trip
포항가족속소 객실안에 가족탕,Trip
"편안한 해외여행, 해외유심/eSim은 말톡으로!",Trip
동남아 싱가포르 크루즈여행(겐팅드림호),Trip
#부산요트투어 #부산요트 #부산여행코스 #요,Trip
온가족이 함께 즐기는 클린&힐링 파라다이스 스파 도고!,Trip
아시아에서 두번째로 큰 #워터파크,Trip
#두바이빅버스투어 #두바이시티투어,Trip
4인승 레이캠핑카렌트 차박올인원패키지,Trip
포항 구룡포 전객실 오션뷰 풀빌라 라이브 EVENT!!,Trip
📍 베트남 푸꾸옥 혼똔섬 아쿠아토피아,Trip
[엔데이트립 LIVE] 나고야出·다카야마 여행 라이브,Trip
"한국인이 가장 사랑하는 여행지, 동남아로",Trip
베트남 나트랑 초특가 59.9만원~,Trip
향기로운 감귤꽃의 만남🍊,Trip
🚍후쿠오카/북해도/오사카/오키나와 버스투어 티켓~!,Trip
[나트랑]이번 여름휴가는 온가족 모두 나트랑으로~!,Trip
"로티로리와 함께하는 5월, 롯데월드 최대 46% 할인!",Trip
내 맘 속 지중해 그리스 여행,Trip
동양의 하와이! 하이난 초특가 33.9만원~,Trip
[하이난] 온가족 완벽한 휴양! 동양의 하와이 하이난!,Trip
전세계 가장 핫한 푸켓비치클럽,Trip
드디어! 30만원대 부산-후쿠오카 크루즈!,Trip
[앵콜재방송] 도심 속 워터파크! 하비오 워터킹덤으로,Trip
"휴양과 여행, 허니문크루즈🧡",Trip
대구 88 루프탑 바베큐장,Trip
탐나오 제주 올패스 특별전🍊,Trip
[엔데이트립 LIVE] 골든위크 교토 청수사 실황,Trip
속초출발 추석연휴 일본크루즈여행 (롯데관광),Trip
프로포즈이렇게 하지마세요,Trip
30만원대! 부산출발 일본/대만크루즈 3일,Trip
"세부 여행의 ""꽃"" 호핑투어! 1인당 8만원대 부터!",Trip
[미야코지마] 일본의 몰디브~ 일본 미야코지마 첫방송!,Trip
비상수 사무실 선착순 이벤트,Trip
24년 6월 2일 요코하마 출발! 크루즈,Trip
단양 패러글라이딩 안전한 드림레저,Trip
MSC 월드유로파 무료서비스,Trip
[25% OFF] THE 26 트로피컬 시티 라이브,Trip
[앵콜재방송] 경주월드&도투락빌리지 5월 오픈런!,Trip
"[앵콜재방송] 해브나인,스플라스,오아식스 스파 특가",Trip
[푸꾸옥]럭셔리 리조트! JW메리어트 첫방송,Trip
[푸꾸옥] 베트남 핫플 푸꾸옥! JW메리어트 첫방송!,Trip
여수 핫플 디오션 워터파크 또 나만 몰랐어?,Trip
5월 연휴에도 이용가능한 아쿠아필드로 gogo!,Trip
경주월드&도투락빌리지 5월 오픈런! 오직 타이밍이지♥,Trip
쑈리몰의 쇼핑라이브,Trip
MSC 벨리시마호 무료서비스 소개,Trip
[용평리조트] 썸머 올인클루시브 패키지,Trip
[보라카이]초특가 여행! 49.9만원부터~,Trip
"2인탑승,2인취침,캠핑용품무료,전기캠핑카렌트",Trip
"2인탑승,2인취침,캠핑용품무료,레이캠핑카렌트",Trip
"[리솜] 해브나인,스플라스,오아식스 스파 단독 특가!",Trip
제주가족펜션 동쪽 하도리 독채 풀빌라,Trip
부산에서 오사카까지! ★투어땅과 함께 가자!★,Trip
[보라카이]마음대로 선택! 초특가 세미팩 vs 자유여행,Trip
CL클라이밍 체험 대회,Trip
도시락과 함께! 가정의 달 전상품 10% 할인,Trip
2024 고양국제꽃박람회 LIVE초특가! 꽃봐요 꼭봐요,Trip
푸꾸옥 풀만 리조트 1인당 9만원대 부터!,Trip
방구석 가이드 투어와 함께 푸꾸옥 풀만으로 떠나요!,Trip
"5월 해외여행, 해외유심/eSim은 말톡으로!",Trip
삐진 여자친구를 풀어 줄 방법은 단 하나!,Trip
[앵콜재방송] 웰리힐리파크 헬로스프링 워터파크 패키지,Trip
포항 프로포즈 명소는 바로 여기라구!!,Trip
[괌] 온가족 특가! 59.9만원 부터~,Trip
오키나와크루즈 1인 93만원 실화??,Trip
도시락eSIM&유심과 5월 여행 떠나요🩵,Trip
금호화순스파리조트 아쿠아나 이용권 최대 59%할인!,Trip
이제 썸은 그만! 연인이 되고 싶다면 여기로,Trip
[괌] 휴양과 쇼핑 천국! 괌에서 즐겨요 자유여행~,Trip
웰리힐리파크 헬로스프링 워터파크 패키지,Trip
24년 8월 23일 출발 서유럽 썬프린세스,Trip
에버랜드 페어리타운 with 산리오캐릭터즈,Trip
바다속 친구들을 만나는 특별한 공간! 아쿠아플라넷 여수,Trip
포항 여행 중 숙소는 당연히 유니의바다쥬!!,Trip
"즐거운 일본여행,이제 맘놓고 데이터 사용하자!",Trip
[후쿠오카]초특가 자유여행 3일 29.9만~,Trip
[이월드 튤립 트래블] 압도적 규모의 튤립이 펼쳐진다!,Trip
[후쿠오카]가볍게 훌쩍 떠나는 초특가 후쿠오카 자유여행,Trip
차박캠핑! 레이캠핑카와 감성차박떠나자!,Trip
24년 최신선박 썬프인세스크루즈 어땠냐구요?,Trip
이봐~ 카라반캠핑의 꽃은 불멍 아니겠늬~?,Trip
[앵콜재방송] 국내최초!! 3박4일 크루즈 뮤직페스티벌,Trip
클라스 도랐다는 뉴질랜드 래프팅🫢,Trip
포항 유니의바다 카라반캠핑장 가격 실화?,Trip
[앵콜재방송] 롯데월드 부산 매직포레스트 봄맞이,Trip
포항 유니의바다 카라반캠핑장 미친 할인특가!,Trip
국내최초!! 3박4일 크루즈 뮤직페스티벌,Trip
광안대교 지나가욥 ~,Trip
반려견 발효식품 만들기 체험농장 콩강아지,Trip
포항 유니의바다 온라인 최저가,Trip
[롯데월드 부산] 두번째 생일! 매직포레스트 봄맞이,Trip
네가 가장 많이 웃고 행복해했던 유니의바다,Trip
강릉 여행은 안목해변 파인아트라벨 호텔에서,Trip
[블루밍데이즈]강릉 파인아트라벨 호텔 성수기 특1~2박,Trip
[앵콜라이브] 아쿠아플라넷 4개 지점 최대 54% 할인,Trip
⛰️제주 오름에서 찾는 진짜 행복💕,Trip
포항 카라반캠핑 온라인 최저가,Trip
포항 유니의바다 카라반 캠핑장만의 매력은?,Trip
[방콕] 3박5일 초특가! 29.9만원부터,Trip
[방콕]동남아 여행의 핵심 방콕/파타야!패키지vs에어텔,Trip
[한화리조트] 설악워터피아&경주뽀로로아쿠아빌리지 특가!,Trip
아쿠아플라넷 4개 지점 최대 54% 할인!,Trip
와따! 여수 초호화 리조트&워터파크 5월 핫딜🥵,Trip
봄에는 캠핑카렌트로 차박캠핑! 피크닉도!,Trip
자연 체험형 피너츠 테마가든 제주 스누피가든!,Trip
"도심속 힐링 스팟, 스파디움24! 봄시즌 특가!",Trip
[앵콜재방송]에버랜드 페어리타운 with 산리오캐릭터즈,Trip
[베트남이심 3월특가] 베트남 이심은 심비티,Trip
[푸꾸옥]핫한 푸꾸옥~ 자유여행 40만대~,Trip
[로컬 인기 리조트] 다낭 나만 리트리트🌴,Trip
[핫플버스] 제주도 버스투어 서부 동부 감성코스할인,Trip
후쿠오카 호텔 우오한,Trip
후쿠오카 우오한료칸 가이세키,Trip
"[푸꾸옥] 핫한 푸꾸옥! 먹거리, 쇼핑, 관광 한번에!",Trip
[하이원리조트] 스프링 패키지,Trip
[괌]여행 초특가! 힐튼 50만원대부터~,Trip
[괌] 이번에는 온가족 모두~ 괌 힐튼 초특가 혜택!,Trip
(최대반값 50%할인) 세부조아 오픈기념 방송,Trip
북해도 단체 골프 자유여행,Trip
후지산 골프 자유여행,Trip
큐슈 지역 골프 자유여행,Trip
커플이 일본으로 골프여행 가면 좋은 이유,Trip
봄 맞이 여행은 도시락eSIM과 함께 떠나요!,Trip
경주월드 원더풀 봄맞이! 드라켄&도투락 다시봄♥,Trip
타카하타 이사오 전시회에 초대합니다.,Trip
타카하타 이사오전 얼리버드 오픈!,Trip
"봄벚꽃 해외여행, 해외유심/eSim은 말톡으로!",Trip
[앵콜재방송] 웅진플레이도시 로우시즌 봄맞이 첫 특가!,Trip
"[앵콜재방송] 언제나 머무르고 싶은 곳, 벨포레 리조트",Trip
시모노세키 모지코레트로,Trip
시모노세키 가라토시장,Trip
시모노세키여행,Trip
후쿠오카 주말 골프여행 비용,Trip
일본 구마모토 골프 자유여행 견적서,Trip
일본 골프텔(여행사 패키지)과 자유여행 비교,Trip
일본 골프장 특징 10가지,Trip
해외 골프 떠나는 이유,Trip
일본 골프 자유여행 가성비,Trip
제주도 vs 일본,Trip
[치앙마이]동남아 핫플!초특가 39.9만원~,Trip
오사카 전용버스 소개,Trip
본격! 롯데월드 세풋보 팝업&굿즈 리뷰!,Trip
방과후 롯데월드! 롯데월드에 세풋보 등장!,Trip
일본골프 자유여행,Trip
[~55%] 웅진플레이도시 로우시즌 봄맞이 첫 특가!,Trip
[치앙마이]태국의 모든 것을 품은 곳! 치앙마이 여행!,Trip
"언제나 머무르고 싶은 곳, 벨포레 리조트",Trip
사랑하는 사람들과 김제 농촌체험휴양마을로 놀러오세요❗,Trip
대구 네이처파크 플라워페스티벌 오픈기념 초특가!,Trip
산 좋고 물 맑은 김제 농촌체험휴양마을로 놀러오세요~❗,Trip
인공암벽등반 체험,Trip
지속가능한 환경 이심마니와 만들어요!,Trip
바르셀로나에서 꼭 봐야할 가우디 건축 4가지,Trip
바르셀로나 여행,Trip
도킹텐트무료!전기차 캠핑카렌트 감성차박패키지,Trip
"전기차 캠핑카렌트! 냉장고,전자렌지포함!",Trip
반려동물도 동행가능한 레이캠핑카렌트 차박,Trip
레이캠핑카 감성차박패키지! 캠핑용품무료!,Trip
반려견과 차박캠핑! 레이캠핑카와 떠나요!,Trip
[나트랑]5성급 리조트+조식!47.9만원~,Trip
"일공육 오피스, 김포 최대 규모 1인 사무실",Trip
[나트랑] 몸만 가면 되는 5성급 올~인클루시브혜택!,Trip
"김포 비상주 사무실, 일공육 공유오피스",Trip
[부산관광기획전] 투어부터 먹거리까지! 특가 구성,Trip
이월드 블라썸피크닉 그랜드오픈! 불꽃쇼까지!,Trip
차박지까지 추천해줘! 미니칸 레이캠핑카!,Trip
NEWSTAR.C 뉴스타씨의 쇼핑라이브,Trip
제주 봄 향기 가득한 카멜리아힐,Trip
"괌최고 돌핀크루즈, 30년 운영의 드림크루즈",Trip
3인가족도 문제없이 차박캠핑 쌉가능!,Trip
일본 초저가 안정적 데이터 연결은 심비티,Trip
[단독]! 시크릿투어 5만원 3박5일 태국골프여행!,Trip
[여수초호화리조트] 땡처리VS얼리버드 특가PKG,Trip
"스프링 올인클루시브, 휘닉스 파크",Trip
시크릿투어 5만원멤버십 3박5일 태국골프여행,Trip
강릉 안목해변 도보1분💥 파인아트라벨 호텔 1박특가!,Trip
[푸꾸옥] 요즘 젤 핫한 여행지! 푸꾸옥!,Trip
포항 유니의바다 카라반캠핑장 최대50%할인❤,Trip
[보홀]알로나비치를 품은 최신상 헤난리조트!,Trip
[푸꾸옥] 베트남의 진주 푸꾸옥! 5성급 리조트 호캉스,Trip
도시락eSIM 쇼핑라이브 앵콜 특가 WITH 유심,Trip
[보홀] 알로나 비치를 품은 최신상 보홀 헤난 리조트!,Trip
[사이판] 골드카드 포함! 69.9만원부터~,Trip
"지중해의 아침, 크루즈에서 만끽",Trip
우리만 타고가는 프라이빗 차량투어!,Trip
사계절 내내 아름다운 제주 일출랜드,Trip
[사이판] 이번 연휴는! 온가족 모두 사이판으로~,Trip
귀여운 바오패밀리 만나러 에버랜드로 고! 최대41%할인,Trip
봄방학맞이★아시아최대규모! 더카트인통영 초특가50%★,Trip
가평 레이키푸이스토 키즈풀빌라,Trip
즐거움 두배! 롯데월드아쿠아리움&서울스카이 최대51%!,Trip
[나트랑] 5일 자유여행! 749천원부터~,Trip
[나트랑] 나트랑에서 즐기는 여유로운 프라이빗 호캉스!,Trip
"가족,신혼여행 럭셔리 힐링투어🌴나트랑 산티아고투어🌴",Trip
[싱가포르]5일 세미팩! 70만원대 초특가!,Trip
[핫플버스] 제주도 ⭐초봄코스오픈⭐ 감성코스3종 할인!,Trip
[싱가포르]핵심관광과 자유여행! 5일간 싱가포르 여행!,Trip
"즐거운 여행, 해외에서도 이제 맘놓고 데이터 사용하자!",Trip
[심비티이심] 2월 해외여행 eSIM 특가!,Trip
2월동안 심비티 이심 '무료' 체험 행사 중,Trip
레이캠핑카 차박패키지의 또다른 장점♡,Trip
"도심속바다, 아쿠아플라넷 63/일산/광교 최대 53%!",Trip
2024 새해 빅세일 ! 아쿠아플라넷 여수,Trip
[녹화 방송] 한국민속촌 눈썰매장 특별 프로모션,Trip
금호화순스파리조트 아쿠아나이용권 최대57%할인!,Trip
일본 프라이빗 차량투어,Trip
[설악워터피아] 온가족 함께 떠나는 천연 온천수 여행!,Trip
알뜰폰 skylife 모바일 유심특가,Trip
KT망 알뜰폰 skylife모바일 유심100원 특가!,Trip
"설연휴 해외여행, 해외유심/eSim은 말톡으로!",Trip
"[앵콜재방송] 신년맞이 제주신화월드, 이 가격에?!",Trip
단독요트투어 가격이 이게 실화?,Trip
"[앵콜재방송] 테르메덴 풀앤스파, 설맞이 52% 할인",Trip
여수초호화리조트&호텔💛설레는설특가 LIVE!,Trip
[일산] 원마운트 워터파크&스노우파크 쇼핑 라이브!,Trip
"[~83%] 신년맞이 제주신화월드, 이 가격에?!",Trip
제주의 신비로운 이야기를 담은 제주홀릭뮤지엄,Trip
[푸꾸옥] 럭셔리 자유여행! 699천원부터~,Trip
"[~54%] 테르메덴 풀앤스파, 설맞이 프로모션",Trip
[KT skylife 모바일] 통신비 반값! 알뜰 유심,Trip
[CINE de CHEF] 쉐프가 있는 영화관,Trip
[푸꾸옥] 푸꾸옥 럭셔리 자유여행! 인생샷은 덤으로~,Trip
설 연휴 해외여행! 도시락eSIM 첫 라이브 특가!,Trip
귀여운 바오패밀리 만나러 에버랜드로 고고! 최대41%!,Trip
경주월드&스노우파크 윈터스릴 더블UP!,Trip
[KT skylife 모바일] 알뜰 요금제유심 OPEN,Trip
대한민국 최고의 서커스쇼! 아트서커스,Trip
스노우월드&라라의꿈의극장 전시회까지!이월드 최대 60%,Trip
[ 6개월권] 6개월간 횟수 제한 없는 서울랜드 시즌권,Trip
WINTER SPA 캐리비안베이,Trip
[시드니]풀패키지 6일 단독특가!119만원~,Trip
[시드니] 호주 대자연의 감동! 시드니는 지금 여름!,Trip
바르셀로나 타파스 먹방 -꿀대구-,Trip
2024년 2월29일까지! 아쿠아필드 최대 35%할인!,Trip
[나트랑] 지금이 여행 최적기!나트랑 고급 리조트에서!,Trip
마티나 골드 라운지 최저가 좌표,Trip
"새롭게 시작하는 겨울 여행, 휘닉스 파크",Trip
SNOW TOWN 놀자숲 눈썰매장!,Trip
[포항여행] 유니의바다 카라반캠핑장 일출여행,Trip
[앵콜재방송] 지금 모두 스타필드로!,Trip
"[앵콜재방송] 웰팍, 상상만으로도 짜릿한 겨울패키지",Trip
[앵콜재방송] 온수워퍼파크&눈썰매를 동시에! 소노벨천안,Trip
[앵콜재방송]푸바오 만나러!에버랜드 최대 41%!,Trip
[코타키나발루]3박5일 특가!499천원부터~,Trip
휘닉스파크 리프트권 최저가 좌표,Trip
[라오스]몸만가는 액티비티 천국 599천원~,Trip
💥여수호텔&리조트 기습 초특가!,Trip
"[코타키나발루]이번 겨울 방학, 온가족 가족 여행!",Trip
온수풀 워퍼파크&눈썰매를 동시에! 소노벨 천안!,Trip
겨울이라 더 신난 푸바오 만나러!에버랜드 최대 41%!,Trip
알펜시아 리조트 리프트 장비 최저가,Trip
제주 신화월드 랜딩관,Trip
공주 밤묵만들기,Trip
"레이캠핑카 차박감성패키지,캠핑용품풀세트포함",Trip
아쿠아필드/스몹/챔피언1250&블랙벨트가 스타필드로!,Trip
"놀다가 지쳐봤니! 웰팍, 상상만으로도 짜릿한 겨울패키지",Trip
[라오스] 액티비티 천국! 라오스 방비엥 3일!,Trip
겨울 테마파크 비발디파크! Dynamic Winter,Trip
하이프라하의 쇼핑라이브,Trip
새해 여행도 해외유심/eSim은 말톡으로!,Trip
부산요트투어 요트베이,Trip
[앵콜재방송] 클럽디 오아시스에서 따끈한 겨울을!,Trip
[앵콜재방송] WINTER SPA 캐리비안베이,Trip
[방콕/파타야] 온가족 겨울여행 499천원~,Trip
[방콕/파타야]온가족 겨울여행! 방콕파타야 499천원~,Trip
라테라스리조트 동계 시즌 오픈! 라이브혜택 듬뿍!,Trip
야외온수풀과 스파로 클럽디 오아시스에서 따끈한 겨울을!,Trip
푸꾸옥의 남부해안 워터버스 탑승권!🚤,Trip
부산야경맛집 요트프라이빗,Trip
프라이빗 단독요트투어,Trip
부산요트투어 프라이빗,Trip
[호치민+무이네] 베트남 핫플! 599천원~,Trip
[유니의바다] 온라인 최저가,Trip
[베트남] 호치민+무이네! 자유여행으로 완전 정복!,Trip
"아시아 최고인기노선! 싱가포르, 페낭,푸켓!",Trip
메리크리스마스 유니의바다 고고,Trip
레이캠핑카 감성차박패키지,Trip
[앵콜재방송]전국 챔피언1250&블랙벨트 키즈카페 특가,Trip
매일매일이 크리스마스!에버랜드종일권 최대56%할인!,Trip
"설국 울릉도, 원나잇 원데이 크루즈",Trip
[대만] 대만 완벽 정복! 대만 핵심관광 3박 4일!,Trip
로맨틱한 크리스마스with롯데월드 아쿠아리움&서울스카이,Trip
1월31일까지 이용! 아쿠아필드 전지점 최대45%할인!,Trip
⚡여수 초호화리조트 연말결산! 올인클루시브PKG❤,Trip
단독프로모션! 숲속의 노천온천 테르메덴,Trip
겨울에도 제주올패스로 훈훈하게 여행하자!,Trip
"경주에서 즐기는 카트레이싱, ATV!",Trip
뜨끈뜨끈한 별빛 스파 워터파크!,Trip
동남아의 낭만과 모험을 담은 크루즈여행,Trip
[괌] 이번 겨울방학에는 괌에서 온가족 힐링여행!,Trip
찜질스파부터 실내 물놀이까지 하비오 워터킹덤으로 GO!,Trip
전국 챔피언1250&블랙벨트 키즈카페 58개점 특가,Trip
제주 동백정원 카멜리아힐,Trip
윈터페스타! 경주월드 겨울스릴좌! 스노우파크 커밍쑨!,Trip
[나트랑] 올인클루시브 혜택! 70만원대부터,Trip
배안타는 갈치 밤낚시,Trip
[앵콜재방송] 웅진플레이도시 하이시즌 입장권 특가,Trip
캐리비안베이 with 윈터 스파,Trip
[핫플버스] 제주도 동백특집 감성코스 3종 할인🚌,Trip
[칭다오]10만원대 칭다오여행 단독 특가!,Trip
겨울엔 롯데월드가 선물 그 자체! 최대 48% 할인!,Trip
[나트랑] 완벽한 겨울 휴가! 셀렉텀노아 올인클루시브!,Trip
눈썰매에서 신나게! 오션에서 따뜻하게! 소노벨 천안,Trip
최대 55% 할인! 웅진플레이도시 하이시즌 입장권 특가,Trip
제주도 서귀포유람선,Trip
[칭다오]짧게 핵심만! 칭다오 2박 3일 노쇼핑 패키지,Trip
"이제껏 만나지 못한 나의 겨울, 휘닉스 파크",Trip
일본 도쿄 오다이바 조이폴리스,Trip
대만 타이베이 미니어처 박물관,Trip
일본 오키나와 유이레일(모노레일),Trip
최대 47% 할인! 온수풀 워터파크 파라다이스 도고!,Trip
[앵콜재방송] 일산 원마운트 스노우파크 네쇼라 단독특가,Trip
패러글라이딩은 단양 스카이랜드에서🪂,Trip
부산 아쿠아리움 브릭맨 원더월드,Trip
[일산] 원마운트 스노우파크 네이버 쇼핑라이브 단독특가,Trip
부산요트투어,Trip
[설악워터피아] 천연 온천수로 즐기는 따듯한 온천스파!,Trip
[대구관광특집] 대구의 5성급 메리어트 호텔 LIVE,Trip
광활한 바다가 품은 금호제주에서 따뜻한 겨울맞이,Trip
엘시티 레지던스 특가 (+와인제공),Trip
[하이원리조트] 윈터 특가 패키지,Trip
[푸꾸옥]럭셔리 풀빌라 4박5일 699천원~,Trip
오픈 할인특가! 갓성비 1박2일 <전주 여행> 패키지!,Trip
[앵콜재방송] 아름다운 이월드!  최대49%할인!,Trip
[핫플버스] 제주도 겨울코스 오픈 기념 전코스 할인🚌,Trip
낮과 밤이 모두 아름다운 이월드! 최대 59% 할인!,Trip
[방콕] 3박5일 자유여행! 599천원부터~,Trip
[스파크랜드] 상상을 현실로! 도심속 짜릿한 세상!,Trip
[푸꾸옥] 요즘 가장 핫한 베트남 여행지! 푸꾸옥!,Trip
최고의 퀄리티 부산 가볼만한곳 요트G,Trip
일본 도쿄 긴자 아트 아쿠아리움 미술관,Trip
[경주특집] 사리풀빌라 12월오픈 일주년기념 30%할인,Trip
[방콕] 동남아 최고 여행지! 태국 방콕에서 자유롭게~,Trip
"[경주특집] 카트레이싱, ATV 50% 특가판매!",Trip
✨️역대급 부산 해운대 관광 패키지✨️,Trip
동백판타지아 카멜리아힐,Trip
코타키나발루 3박5일 특가! 299천원부터~,Trip
[앵콜재방송] 올 겨울은 비발디파크&소노벨 천안과 함께,Trip
중국 상하이 마시청서커스,Trip
싱가포르 국립 박물관 입장권,Trip
[라테라스 단독]❄Christmas is comming,Trip
[앵콜재방송]챔피언1250&블랙벨트 58개지점 키즈카페,Trip
[앵콜재방송] 12월 31일까지 에버랜드 최대43%할인,Trip
레저댓X리솜리조트 동계 시즌 오픈! 스파이용 2인 포함,Trip
[코타키나발루]코타에서 즐겨요! 선셋디너와 호핑투어!,Trip
12월 31일까지사용! 에버랜드 종일권 최대43%할인!,Trip
🎄크리스마스 얼리버드 특가 Live🎄,Trip
[대구관광특집] 호캉스 끝판 왕! 호텔수성,Trip
드디어 떴다!챔피언1250&블랙벨트 58개지점 키즈카페,Trip
프랑스 파리 오페라가르니에,Trip
"JR 큐슈 모바일 패스 | 규슈, 일",Trip
⛄크리스마스 스페셜 객실 특가 LIVE⛄,Trip
[핫플버스] 서울 당일치기여행 버스투어패키지 가이드,Trip
올 겨울여행은 비발디파크&소노벨 천안과 함께!,Trip
[북해도]겨울여행의 꽃! 일본 북해도 4일!,Trip
감성캠핑용품풀세트까지 무료! 레이캠핑카렌트,Trip
[홍콩마카오]화려한 연말!연초! 홍콩마카오!,Trip
[일본 북해도] 새하얀 설경! 겨울여행의 꽃 북해도!,Trip
캄보디아 쿨렌 폭포,Trip
싱가포르 아이플라이 실내 스카이다이빙,Trip
"쌀쌀해진 날씨, 온천가자! 웅진플레이도시!",Trip
🍊제주아꼼이네🍊 함께하는 귤따기 체험농장,Trip
[홍콩/마카오] 누구보다 화려한 연말! 홍콩마카오에서!,Trip
[알펜시아리조트]겨울을 신나게 즐기는 방법,Trip
호주 시드니 쇼보트 디너크루즈,Trip
호주 시드니 타워 360 뷔페 레스토랑,Trip
호주 시드니 타롱가 동물원,Trip
강원도 춘천 김유정 레일바이크,Trip
사이판 월드리조트 웨이브정글 워터파크,Trip
제주신화월드 첫 네쇼라 기념 특가 🎉,Trip
[사이판]추울땐 따순곳으로! 749천원부터~,Trip
태국 안다마다 푸켓 워터파크,Trip
호주 시드니 페더데일 야생 동물원,Trip
[앵콜재방송] 한화리조트 10개 지점 초특가!,Trip
[앵콜재방송] 핫한 미디어아트 전시 ~50% 할인,Trip
[태국][푸껫] 사와디 빌리지,Trip
베트남 사파 썬월드 판시판 레전드 케이블카,Trip
[사이판]에메랄드 빛 바다에서 즐기는 온가족 힐링여행!,Trip
[~69% 할인] 차별화된 겨울여행 휘닉스 파크 평창,Trip
신상 매직바이크 오픈&굿바이 대관람차 in 경주월드,Trip
파리젠 컬러스파앤스킨 본점의 쇼핑라이브,Trip
아쿠아플라넷 63/일산/광교 최대 56% 할인!,Trip
"쌀쌀해진 날씨에 도심 속 실내 애니멀 테마파크,주렁주렁",Trip
"🎅미리크리스마스, 여수초호화리조트 99,000원!",Trip
최대59%할인! 전북치유관광으로 힐링해봐요~!,Trip
[~최대 91% 할인] 한화리조트 10개 지점 초특가!,Trip
요즘 HOT한 미디어아트 전시 모음zip ~50% 할인,Trip
베트남 다낭 누이 탄 타이 핫 스프링 파크,Trip
제주도 서귀포잠수함,Trip
고창 공음면 치유문화 특색사업 홍보 라이브-멜론보리김장,Trip
[용인점]1박 2인탑승 차박 레이캠핑카 렌트,Trip
[앵콜재방송] 아름다운 이월드! 최대 71% 할인!,Trip
"후쿠오카 프리미엄 온천여행! 699,000~",Trip
탐나오 제주시내 호텔 뷔페 모음전,Trip
낮보다 밤이 아름다운 이월드! 최대 71% 할인!,Trip
[라테라스 단독]❄Winter is comming❄,Trip
[푸꾸옥] 3대 리조트를 한눈에! 룸 업글은 기본혜택!,Trip
[후쿠오카]특급호텔에서 즐기는 프리미엄 일본 온천 여행,Trip
스페인 바르셀로나 몬주익 케이블카,Trip
귀여운 스누피와 인생샷을 남기고 싶다면?스누피가든으로!,Trip
대만 신베이 우라이 트리오 온천,Trip
대만 가오슝 아이허강 유람선,Trip
캠핑용품풀세트 포함 레이캠핑카 차박패키지!,Trip
제주 핑크뮬리 감귤따기체험 파더스가든 특별 라이브,Trip
[롯데메가위크] 롯데월드 최초 메가급 릴레이 특가!,Trip
[세부]온가족 모두! 세부제이파크 3박5일!,Trip
"[놀고팜X전북문화관광재단] 힐링여행, 최대 56% 할인",Trip
[세부] 따뜻한 제이파크에서! 온가족 모두 즐겨요~,Trip
"[롯데메가위크] 마법 같은 신비함 가득, 롯데월드 잠실",Trip
"캠핑카렌트 차박 패키지(2인승,레이)",Trip
[롯데메가위크] 롯데월드 부산 특집!,Trip
[다낭]겨울에는 역시 동남아! 패키지vs자유,Trip
■강화루지X레디큐 라이브■,Trip
[100% 증정]해피쿱투어와 함께 어린궁투어 여행,Trip
AUTUMN PICNIC in 휘닉스파크,Trip
[다낭]5성급 호텔에서 만나는 다낭! 자유여행vs패키지,Trip
[롯데메가위크] 국내 최고 높이의 서울스카이!,Trip
남해관광 가을단풍 무등산과 함께 🍁🍂,Trip
[유럽12일]스페인/포루투갈/남프랑스/모나코,Trip
[롯데메가위크] 서울 최대 규모의 롯데월드 아쿠아리움!,Trip
[앵콜재방송] EWORLD IN THE STARS!,Trip
[앵콜재방송] 아쿠아필드 전지점 42% 할인!,Trip
[앵콜재방송] 경주월드 가을신상! 규 어트랙션 커밍순!,Trip
역대급 카라반캠핑장 구경하지 않을래?,Trip
에어드레서 있는 카라반캠핑장 가봤니?,Trip
[핫플버스] 강릉 속초 양양 당일치기 버스투어패키지,Trip
EWORLD IN THE STARS! 최대 59% 할인,Trip
미니칸 전기캠핑카 2인승 감성차박패키지,Trip
미니칸 레이캠핑카 4인승 감성차박패키지,Trip
미니칸 레이캠핑카 2인승 감성차박패키지,Trip
생일파티 추천 장소,Trip
"아름다운 자연, K문화 테마파크 선비세상",Trip
[12일간 유럽 여행]스페인/포르투갈/남프랑스/모나코!,Trip
11월30일까지 이용! 아쿠아필드 전지점 42% 할인!,Trip
경주월드 가을신상! 매직바이크 신규 어트랙션 커밍순!,Trip
사당파티룸,Trip
[태국][사타힙]시 샌드 선 리조트 & 빌라,Trip
뉴카멜리아호 타고 후쿠오카 여행,Trip
[괌]따뜻한 괌에서 보내는 온가족 겨울여행!,Trip
일본 교토 아마노하시다테 뷰 랜드,Trip
호텔식 침구를 매일 교체하는 포항 유니의바다,Trip
❄️윈터빌리지 시즌2 오픈 기념❄!️얼리버드 특가,Trip
[괌] 이번 겨울 방학 여행은 온가족 모두 괌에서!,Trip
베트남 빈원더스 푸꾸옥 테마파크 입장권,Trip
제주여행지 무제한 할인! ★제주세일페스타 런칭 초특가★,Trip
[강동구 가치쇼핑DAY] 이음숲 아동 숲 놀이 프로그램,Trip
해외유심/eSim은 말톡으로! 간편한 로밍 준비하세요!,Trip
[강동구 가치쇼핑DAY] 특별한 웨딩카 서비스,Trip
[강동구 가치쇼핑DAY] 무장애여행 놀이공원 패키지,Trip
대만 난터우 원주민 문화 마을,Trip
포항 유니의바다 카라반 최대50% 특가할인 EVENT!,Trip
KBS2 박원숙의같이삽시다 방송된 유니의바다,Trip
[앵콜재방송] 하이원리조트 가을 힐링 패키지,Trip
[앵콜재방송] 오싹한 블러드시티7 11/30까지 사용,Trip
카라반캠핑장은 불편하다는 편견을 깨버린 곳!,Trip
❄윈터빌리지시즌2 그랜드 오픈 특가 LIVE,Trip
[포항여행] 유니의바다 카라반캠핑 라이브특가,Trip
[앵콜재방송]프리미엄 스파&워터파크 부산 클럽디오아시스,Trip
사당그리스파티룸 프로포즈 이벤트,Trip
사당 게임 파티룸 내부,Trip
문경활공랜드 패러글라이딩 입니다,Trip
[하이원리조트] 가을 힐링 패키지,Trip
[태국][방콕] 르부아 앳 스테이트 타워,Trip
[보라카이] 휴양과 액티비티! 자유여행 vs 세미패키지,Trip
진짜! 오싹한 축제 블러드시티7 11/30까지 사용가능,Trip
아시아나 직항! 이탈리아 일주 9일!,Trip
[포항여행] 유니의바다 풀빌라 오션뷰🐳,Trip
일성콘도&리조트 전지점 숙박권 초특가 혜택,Trip
부관훼리 타고 시모노세키 여행,Trip
프랑스 파리 세느강 바토 파리지앵 크루즈,Trip
프랑스 파리 센느강 유람선 | 바토 파리지앵,Trip
프랑스 파리 오르세 미술관,Trip
프랑스 파리 에펠탑,Trip
프랑스 파리 몽파르나스 타워 전망대,Trip
프랑스 파리 루브르 박물관,Trip
프랑 파리 라발레 빌리지,Trip
[이탈리아]랜드마크부터 소도시까지! 이탈리아 일주 9일,Trip
마카오 스튜디오 시티 골든릴 관람차 티켓,Trip
[포항여행] 유니의바다 오션뷰잔치🐳,Trip
미국 뉴욕 서밋 원 밴더빌트,Trip
[서울웰니스위크] 럭셔리 피트니스 스파 하이디하우스,Trip
[포항여행] 유니의바다 카라반캠핑장 특가🔥,Trip
영국 윈저 레고랜드®,Trip
[포항여행] 유니의바다 카라반 풀빌라 특가‼,Trip
에버랜드 블러드시티7 오픈 11/10까지 사용가능,Trip
홍콩 고 뮤지엄,Trip
시모노세키역 씨몰 일본여행 후쿠오카,Trip
푸꾸옥 인기리조트! 네쇼라 단독 특가!,Trip
시간을 달리는 가을 정원 카멜리아,Trip
후쿠오카여행 잇코샤라멘 하카타역 맛집,Trip
시모노세키 기타큐슈 고쿠라역 타가시라차호,Trip
가을맞이 포항여행 구룡포 유니의바다로~,Trip
오사카여행 팬스타승선권 일일버스투어,Trip
[푸꾸옥] 푸꾸옥 인기리조트에서 우리끼리 자유여행!,Trip
Fall In 캐리비안베이,Trip
💙테이크호텔💙 다가오는 추석 호텔에서 보내자🎈,Trip
서울랜드,Trip
도투락 이즈백! 경주월드 추석맞이 시즌2 오픈!,Trip
유심사의 해외 로밍 데이터 eSIM!,Trip
여행의 시작과 끝을 새롭게,Trip
선선해지는 날씨 아쿠아필드와 함께 도심속 힐링,Trip
기타큐슈 탄가시장 우오마치아케이드 먹거리,Trip
독일 베를린 페르가몬 박물관,Trip
독일 베를린 신 박물관 입장권,Trip
독일 베를린 구국립미술관 입장권,Trip
독일 베를린 DDR 박물관 입장권,Trip
독일 베를린 장벽 워킹,Trip
여긴 낭만고양이가 살고 있어요!,Trip
"""가을에 온천가자!"" 웅진플레이도시!",Trip
크루즈 타고 후쿠오카 여행,Trip
크루즈타고 오사카여행,Trip
9월 단 하루 라이브 말톡 유심/eSim과 함께하세요,Trip
[늦여름 여수여행🌊]라테라스 리조트&호텔 깔라까따,Trip
"서울 속 파리, 소피텔 최대 19% 할인!",Trip
청사초롱마을과 송편도 만들고 추석선물도 준비하자!,Trip
사이판 크라운플라자 자유여행 50만원대!,Trip
"여유로운 힐링STAY, 휘닉스 평창",Trip
[사이판] 푸른 바다와 함께 프라이빗한 힐링 자유여행!,Trip
[우리가족늦여름여행❣]여수라테라스vs깔라까따,Trip
[일산] 도심속 짜릿한 물놀이! 원마운트 워터파크,Trip
마카오 자유여행 단독 특가! 3박 50만원대,Trip
마카오 스튜디오 시티 워터파크,Trip
"[안성팜랜드] REAL PINK, 안성코스목동축제",Trip
청사초롱마을 송편체험,Trip
마카오 스튜디오시티 스포트라이트 뷔페,Trip
마카오 짚시티,Trip
뜨거운청춘님의 라이브 방송,Trip
DARK MOON in LOTTE WORLD!,Trip
늦캉스는 역시 사계절 따뜻한 파라다이스 스파 도고!,Trip
46% OFF! THE 26 샤인머스캣 스튜디오 라이브,Trip
"🎁여수호텔&리조트, 올가을 마지막 찬스! 최대-73%",Trip
[핫플버스] 경주 버스투어 당일치기 여행패키지 라방할인,Trip
"9월 단독 최대혜택, 심통 BESPOKE 유심 esim",Trip
"신개념 찜질 스파, 도심속힐링스팟 스파디움24",Trip
금호화순스파리조트 아쿠아나 첫 LIVE 특가!,Trip
🌊테이크호텔🌊 늦캉스 초특가 할인 65%🎇,Trip
"99,000원! 여수 초호화 리조트 VS 신축호텔",Trip
"[앵콜재방송] EARLY AUTUMN, 휘닉스 평창",Trip
태국을 즐기는아유타야 선셋 리버크루즈 투어!,Trip
[마카오] 여유롭게 즐기세요! 마카오 완벽 자유여행!,Trip
"EARLY AUTUMN, 휘닉스 평창",Trip
홍콩 스카이 100 전망대 티켓,Trip
🔥라테라스vs깔라까따 숙박대전🔥,Trip
🐳클릭하면 그대에게 힐링이 되어 줄 영상?,Trip
"여수 최고 숙박대전! 최저가 99,000원",Trip
"여름 끝까지, 캐리비안베이",Trip
태국 스리 판와 푸켓 럭셔리 풀 빌라 호텔,Trip
태국 빠통 반 라이마이 비치 리조트 & 스파,Trip
[태국][방콕]콘래드 방콕,Trip
U 사톤 방콕,Trip
[태국] SO 방콕(SO/ Bangkok),Trip
일본 도쿄 후지큐 하이랜드,Trip
[강원][인제군]일휴일박 펜션,Trip
루프탑 파티룸 홍대 센츠,Trip
[부산][해운대구]그랜드조선부산,Trip
머큐어 앰배서더 울산 최저가 13만원 부터,Trip
중국 베이징 - 항저우 대운하 야간 크루즈,Trip
중국 항저우 랑랑 랑수이 공원,Trip
중국 쑤저우 징시 고대 마을 锦溪古镇景点,Trip
중국 항저우 천도호 중심호구 千岛湖景区,Trip
중국 항저우 서호 크루즈 주간 티켓,Trip
[핫플버스] 제주도 감성코스 3종 ⭐더블할인⭐,Trip
[남산] N서울타워 전망대 이용권 선착순 특가,Trip
5일 간의 괌 여행이 65만 원 부터!,Trip
35.9만원 부터 떠나는 다낭 미식여행!,Trip
[무이네]사막과 바다! 베트남의 숨겨진 휴양지 무이네,Trip
[플라이스테이션] 용인 실내 스카이다이빙 특가 라이브,Trip
[효도관광추천]미스터트롯2가수들과 함께하는 크루즈여행,Trip
홍대 신촌 대형 파티룸 센츠,Trip
제주여행상품이 20만원에????!!!!!!!,Trip
[태국]스리 판와 푸켓 럭셔리 풀 빌라 호텔,Trip
[태국][창탈레이] 디 수린 푸켓,Trip
컴아웃의 쇼핑라이브,Trip
중국 상하이 웨스트 번드 박물관,Trip
중국 상하이 구춘공원 上海顾村公园,Trip
중국 상하이 EF 파크 파워 포뮬러 파크,Trip
중국 절강성 후저우시 더칭 모간산 디스커버리,Trip
중국 상하이 샤인 드림 미니어처 월드,Trip
🎶김수찬 서지오와함께하는 신명나는 제주 공연여행🎶,Trip
중국 상하이 매직 정글,Trip
중국 상하이 몰입형 드라마 - 슬립 노 모어,Trip
올여름 무더위는 청사초롱 체험마을에서 !!,Trip
더위순삭 가능한 에버랜드 블러드시티7 커밍순!,Trip
인생샷 가능한 인피니티풀부터 힐링 가능한 찜질스파까지!,Trip
돌핀크루즈 전용 최신형배 리나호 쾌속크루즈,Trip
[앵콜재방송] 천연 온천수 워터파크 설악워터피아!,Trip
[앵콜재방송] 썸머 파티와 초대형 불꽃쇼 대구 이월드로,Trip
[일본][도쿄도]DDD Hotel,Trip
[일본][도쿄도]더 캐피톨호텔 도큐,Trip
오오에도온천모노가타리 우라야스온천 우라야스,Trip
[제주][제주시]제주 바당쿰다 펜션,Trip
[경북][경주시]경주 엘라포니시 풀빌라 펜션,Trip
[여행탐구소] 주렁주렁 애니멀테마파크 모음 특가,Trip
신상호텔 체스터톤스 속초 8만원 대 부터!,Trip
스페인/포르투칼 47초 미리보기!,Trip
[설악워터피아] 천연 온천수 워터파크 설악워터피아!,Trip
[용인패러글라이딩] 이제 수도권에서 즐기자! 초특가,Trip
[하이난] 갓성비 가족여행! 하이난 세미패키지!,Trip
가을엔 여수 라테라스x깔라까따 여행어텀?!✨,Trip
💕테이크호텔💕초특가 할인 63%,Trip
썸머 파티와 초대형 불꽃쇼까지 원한다면? 대구 이월드로,Trip
[일본] 유후인 온천 와노 야도 사기리테이,Trip
[일본][오이타현]아마넥 벳푸 유라리,Trip
일본데이터 로밍은 저렴하고 편리한 바이틱이심,Trip
[일본] 훗카이도 삿포로 그랑벨 호텔,Trip
괌 돌핀크루즈 안전하게 여행하,Trip
[앵콜재방송] 단독프로모션! 숲속의 노천온천 테르메덴,Trip
[앵콜재방송] 시내 특급호텔에서 즐기는 방콕 자유여행!,Trip
[앵콜재방송] 레고랜드 주말권 할인 특가!,Trip
[앵콜재방송] 롯데워터파크 마지막 여름 특가!,Trip
[단독LIVE] 라테라스x깔라까따 무더위 라스트특가!⛱,Trip
[앵콜재방송] 여행은 소노벨 오션어드벤처 천안!,Trip
50초로 미리 보는 파크하얏트서울 특가!,Trip
"올여름, 가평 물놀이 성지 워터플레이&레저캠프로!",Trip
[여행탐구소] 코엑스 아쿠아리움 초특급 할인!,Trip
[방콕] 시내 중심 특급호텔에서 즐기는 방콕 자유여행!,Trip
[최대 74% 할인] 여행은 소노벨 오션어드벤처 천안!,Trip
"[롯데워터파크] 여름 늦캉스, 마지막으로 준비한 특가!",Trip
일본 도쿄 미쓰이 가든 호텔 롯폰기 프리미어,Trip
서부지중해 가고 싶으셨다구요??,Trip
세상에 없던 HIP한 제주도여행,Trip
아이들 피부도 챙기는 온천수 워터파크!,Trip
[일본][도쿄도]오크우드 프리미어 도쿄,Trip
[일본][도쿄도]더 도쿄 에디션 도라노몬,Trip
레고랜드 여름맞이 최대 30% 할인 시원한 특가!,Trip
원더풀한 쿨캉스는 오직! 캘리포니아비치&경주월드!,Trip
[일본][도쿄도]온센 료칸 유엔 신주쿠,Trip
[일본][아이치현] 더 타워 호텔 나고야,Trip
[ 그린 로하스 엑스포 ] 제주 우수제품 소개 LIVE,Trip
2차 완판기념! 라테라스 워터파크 깜짝 라이브! 🏝,Trip
올 여름 휴가는 경주 블루원 워터파크 올인원 패키지로!,Trip
[여행탐구소] 서울랜드 썸머 워터워즈! 초특가!,Trip
[괌] 가족여행 베스트셀러! 오직 PIC 올인클루시브!,Trip
통영출발 경주야경 당일투어 ★선착순★ 나전칠기공예키트,Trip
SUMMER VIBE! 오션월드,Trip
[일산 원마운트]넷마블 월드&워터파크 이용권 단독 특가,Trip
도심 속 짜릿한 파도를 즐기길 원한다면? 웨이브파크로!,Trip
욕지도 어디야? 통영에서 펭귄요트를 만나다,Trip
크루즈 여행 가봤니?,Trip
썸머파티!⛱ 여수에서 하와이폼 미쳤다! 2차앵콜!,Trip
[라스트 찬스] 마지막 30%할인! 캠프통포레스트!,Trip
"8월 단독 최대혜택, 심통 BESPOKE 유심 esim",Trip
[앵콜 재방송] 아쿠아플라넷 63/일산/광교 최대 할인,Trip
푸꾸옥 필수 관광지 사파리 티켓 특가🔥,Trip
[앵콜 재방송] 도심속 짜릿한 물놀이 원마운트 워터파크,Trip
[앵콜 재방송] 숲속의 노천온천 테르메덴 성수기 특가,Trip
푸꾸옥에서 머드스파 즐기기! 입장권 특가💕,Trip
푸꾸옥에서 베이징덕을?! 북경오리 밀패키지,Trip
도심속 짜릿한 물놀이! 원마운트 워터파크,Trip
아이와 함께 무더위는 날리고 행복한 추억을 담아 가세요,Trip
푸꾸옥 이색체험 쿠킹클래스 이용권 특가💕,Trip
[코타키나발루] 5성급 숙소에서 즐기는 진짜 힐링여행!,Trip
여름성수기 단독프로모션! 숲속의 노천온천 테르메덴,Trip
[애기야가자X휘닉스평창] 올인원 패키지,Trip
푸꾸옥 필수 관광지 케이블카 티켓 특가🔥,Trip
썸머파티! 여수에서 하와이폼 미쳤다!🏝,Trip
휘닉스 숲속에서 즐기는 썸머 바캉스,Trip
아랍에미리트 두바이 키자니아,Trip
미국 뉴욕 자유의 여신상 & 엘리스 섬,Trip
미국 뉴욕 자연사박물관,Trip
미국 뉴욕 마담투소,Trip
"올 여름 휴가는, 경주 블루원 워터파크 올인원 패키지로",Trip
프랑스 파리 크레이지 호스 쇼,Trip
스페인 바르셀로나 구엘 공원,Trip
스페인 바르셀로나 산 파우 병원,Trip
스페인 바르셀로나 동물원,Trip
스페인 바르셀로나 까사 밀라,Trip
스페인 몬세라트 수도원,Trip
스페인 바르셀로나 아쿠아리움,Trip
[앵콜 재방송] 도심 속 워터파크! 하비오 워터킹덤으로,Trip
홍콩 모노폴리 드림즈,Trip
푸꾸옥 필수 관광지 빈원더스 티켓 특가🔥,Trip
푸꾸옥 필수 관광지 빈펄사파리 티켓 특가🔥,Trip
"[1차완판] 🌞🔥인기여수호텔, 뜨거운 특가 LIVE",Trip
[앵콜 재방송] 대구 이월드 썸머 워터플레이를 즐겨라!,Trip
[앵콜 재방송] 시~원한 여름축제 워터스텔라 오픈!!,Trip
[앵콜 재방송] 오늘 혜택마감! 여름엔 캐비지!,Trip
싱가포르 캡틴 익스플로러 덕,Trip
여수워터파크&리조트! 신축호텔까지!,Trip
아쿠아빌리지부터 썸머 워터플레이 파티까지 준비 완료!,Trip
여름엔 캐비지!,Trip
💖테이크호텔💖 첫 라이브 초특가😍,Trip
미국 뉴욕 브로드웨이 연극 슬립 노 모어,Trip
[대구] 워터파크 스파밸리 라이브 초특가,Trip
미국 뉴욕 엠파이어 스테이트 빌딩,Trip
[여행탐구소] 아쿠아플라넷 제주/일산 대방출,Trip
"🌞🔥인기여수호텔, 뜨거운 특가! 트로피칼LIVE",Trip
올해도 돌아온 시~원한 여름축제 워터스텔라 오픈!!,Trip
이탈리아 폼페이,Trip
파도파도~ 끝없는 즐거움에 빠지다 웅진플레이도시,Trip
[하이원리조트] 워터월드 종일권 최대 54% 할인🔥,Trip
올여름 시원 짜릿하게 놀캉스! 캘리포니아비치&경주월드,Trip
미국 뉴욕 브로드웨이 뮤지컬 마이클잭슨,Trip
미국 뉴욕 브로드웨이 뮤지컬 블루맨 그룹,Trip
푸꾸옥 노보텔 핫딜 쒀리질러 - !!🔥,Trip
푸꾸옥 프리미어 레지던스 1박 9만원대 핫딜,Trip
[앵콜 재방송] 롯데월드 부산의 시티바캉스&워터!,Trip
[앵콜 재방송] 최대 30% 단독할인! 캠프통포레스트,Trip
[여수 라테라스&클럽 YP] 🔥여름맞이 슈퍼찬스🔥,Trip
강릉여행패키지⚡대박혜택으로 가성비 넘치는 강릉여행,Trip
체험농장 방송중 구매시 로즈메리 화분 무료,Trip
[다낭]가족여행 천국! 다낭 자유여행으로 완벽 해결!,Trip
디오션워터파크 & 여수 바다를 질주하다 챌린지파크루지,Trip
유럽여행을 크루즈로??,Trip
뉴질랜드 남섬 밀포드 사운드 크루즈,Trip
[라테라스&클럽 YP] 🔥서머시즌 슈퍼찬스,Trip
강릉 파인아트라벨 숙박 평생회원권 🚗 라이브 특가!,Trip
롯데월드 부산에서 즐기는 시티바캉스&워터!,Trip
태국 치앙마이 나이트 사파리 공원,Trip
올해 여름 휴가는 여기서!,Trip
[앵콜] 최대 30% 단독할인! 캠프통포레스트,Trip
단독✨담양 수상레저 빠지 이용권🌊시원하게 35%할인!,Trip
"[유럽크루즈여행] 바르셀로나, 스페인",Trip
[라마다프라자 여수 호텔] 7~9월 호캉스 특가 라이브,Trip
싱가포르  쥬얼 창이공항 어트랙션,Trip
싱가포르 어드벤처 코브 워터파크™,Trip
싱가포르 플라이어,Trip
싱가포르 리버 원더스,Trip
강릉여행 파인아트라벨 + 델루나펜션 나도 간다~!!,Trip
[핫핫🔥] 숙박 예약 시 렌트카 대여가 0원 !!,Trip
[앵콜 재방송] 블루원 워터파크 올인패키지로 완벽하게!,Trip
"우주까지 전해지는 쿨한특가, 웰리힐리파크 워터플래닛으로",Trip
일본 홋카이도 노보리베츠 베어파크,Trip
푸꾸옥 노보텔 리조트가 1박에 9만5천원?!,Trip
"핫한 가격, 쿨한 여름 파라다이스 도고!!",Trip
[크루즈여행] 꿈꿔왔던 서부지중해 유럽여행,Trip
[보홀] 여름 성수기! 보홀에서 보내는 짜릿한 휴가!,Trip
무더위를 날려버릴 시원한 워터파크! 오션어드벤처 천안!,Trip
[이천 테르메덴] 풀&스파 입장권 단독 특가 라이브🌊,Trip
성주 아라월드! 올여름 수상레저에 풍덩~빠지지!,Trip
성산포유람선 타고 해상투어 즐기자!,Trip
"제주 필수 관광지, 에코랜드 테마파크!",Trip
[크루즈여행] 서부지중해를 만끽하는 방법,Trip
올 여름 휴가는 블루원 워터파크 올인패키지로 완벽하게!,Trip
짐은 가볍게 일정은 꽉차게 대마도 1박2일 완벽 관광,Trip
갓성비 해외여행 대마도1박2일,Trip
합천 풀헤븐워터파크 첫 라이브 특가 이벤트❤️,Trip
일본 교토 니조성,Trip
아뜰리에 포토존 미리보기,Trip
"제주도 대표 해양레저, 주상절리 제주제트!",Trip
"이세상 짜릿함이 아니다! 제주 ""감귤카트""",Trip
중국 베이징 금면왕조 뮤지컬,Trip
💧비따라 싹-내린 특가 🌊여수호텔&리조트 워터파크⚡,Trip
"7월5일! 프리미엄 스파&워터파크, 클럽디 오아시스",Trip
대만 타이페이 마오콩 곤돌라,Trip
홍콩 옹핑 360 케이블카,Trip
[오키나와]여름방학 기간. 온가족이 함께 오키나와 여행,Trip
대만 컨딩 핑둥 해양 생물 박물관,Trip
일본 교토 히에이산 에이잔 케이블카,Trip
"올 여름 19,900원에 제주 방방곡곡 올패스!",Trip
쿨특가앵콜💖라테라스&클럽YP 최대 85%할인,Trip
"숲속의 노천온천 테르메덴, 23년 얼리써머 오픈",Trip
프랑스 파리 빅버스,Trip
경주월드 여름맛! 캘리포니아비치~땡큐!썸머치~,Trip
포르투갈 리스본 리스보아 카드,Trip
제주 수국정원 카멜리아힐,Trip
"7월 단독 최대혜택, 심통 BESPOKE 유심 esim",Trip
"쿨특가🌊라테라스&YP 7월 성수기 119,000원부터",Trip
"쿨특가🌊라테라스 성수기 119,000원부터",Trip
🪂단양패러글라이딩 대박혜택! 여름휴가 고민 끝,Trip
귀여운 스누피 친구들과 인생샷을 남기고 싶다면?!,Trip
"[핫플버스] 제주도 버스여행 감성투어, 시즌투어 할인!",Trip
대구 이월드 자유이용권 최대 68% 할인!,Trip
치앙마이골프 하이랜드 골프장,Trip
[코타키나발루] 인생샷과 추억을 한번에! 세미팩vs자유,Trip
미쳤다🤪 8월 여수여행 꿀터져! 숙박권&워터파크🤍,Trip
🌴제주대학 관광융복합학과 미디어커머스 라이브방송💕,Trip
[캠프통포레스트] 라이브 특가로 여름준비 끝!,Trip
휴대폰만 보는 아이 고민 해결 !! 청사초롱체험마을 !,Trip
싱가포르 빅버스,Trip
가평 5월 신축 펜션/카라반 성수기 숙박권 라이브특가!,Trip
[핫플버스] 제주도 서부감성투어 단독할인🚌,Trip
[오사카] 먹방천국&쇼핑천국! 오사카 자유여행!,Trip
2023년 여름맞이 에버랜드 워터펀 커밍순!!!,Trip
라이브 방송 중 할인과 경품 이벤트까지,Trip
가평 빠지 패키지 가격 케이탑랜드,Trip
🔥썸머바캉스🔥 2차앵콜! 역대급 혜택으로 화끈하게!,Trip
키즈파크 무료혜택! 온천수 테마파크 아산 스파비스!,Trip
수연샵 5월 구매인증이벤트 추첨,Trip
미래융합대학 미디어커머스 실습,Trip
✨썸머바캉스✨ 역대급 혜택으로 화끈한 여름휴가떠나자!,Trip
[핫플버스] 제주도 서부/동부시즌투어 오픈 할인🚌,Trip
오사카 우메다 스카이빌딩 공중정원 전망대,Trip
앵콜! 쿨캉스 핫세일🔥 라테라스&호텔 YP 파격특가,Trip
[푸꾸옥]힐링 가득! 푸꾸옥 완전 자유여행 네쇼라특가!,Trip
금호리조트 첫 LIVE 특가전💕,Trip
[블루밍데이즈]댕댕이도 같이 가요 충주 켄싱턴리조트로,Trip
[착즙주스15%할인] 라방중에만 할인해요~,Trip
2023 계묘년 LIVE초특가! 아쿠아플라넷 여수,Trip
일본 간사이 공항 하루카 특급열차,Trip
쿨캉스 핫세일🔥 라테라스&호텔 YP파격특가,Trip
💥화끈한특가맞짱🔥 초호화리조트 VS 신축호텔,Trip
실내에서도 즐겁게! 레저댓과 즐기는 원마운트 워터파크!,Trip
"숲, 상상 그 이상의 미래로 초대합니다.🌳",Trip
일본 도쿄 팀랩 플래닛,Trip
[핫플버스] ⭐제주도 여름코스오픈 전체 코스 할인⭐,Trip
도심 속 시원한 물놀이 가능한 아쿠아필드 gogo!,Trip
베트남 나트랑 혼문섬 스노클링,Trip
카라반캠핑장에서 즐기는 불멍 ASMR,Trip
일본 오사카 소라니와 온천,Trip
베트남 무이네 선라이즈 / 선셋 지프 투어,Trip
[착즙주스15%할인] 내일부터 오디 따러오세요~,Trip
포항 유니의바다 카라반 6월 준성수기 숙박권 라이브특가,Trip
서울 홍대파티룸 숙박 대여 바베큐 노래방,Trip
2차!🌞여수여행LIVE🔥 초호화리조트 VS 신축호텔,Trip
[여행탐구소] 루나폴 제주 디지털 테마파크 특가,Trip
[세부] 가족 여행 추천 세부! 자유여행 or 패키지!,Trip
캐리비안베이로 컴.백.캐,Trip
서울 홍대파티룸 대여 숙박 바베큐 노래방,Trip
🌞여수여행LIVE🔥 초호화리조트 VS 신축호텔,Trip
[블루밍데이즈] 제주 에코랜드 라이브방송 초특가,Trip
♥스파크랜드♥ 세상에 없던 짜릿한 즐거움!,Trip
[라테라스 특가할인] 쿨캉스 핫세일💦🔥,Trip
[나트랑] 5성급 리조트에서 보내는 올인클루시브 특가!,Trip
"싱그러운 자연, 웰팍과 함께하는 봄 패키지 ✨",Trip
승마체험 무제한 기승 회원권! 서울 강남에서 1시간,Trip
[곤지암루지360&스파라스파]도심에서 즐기는 액티비티,Trip
런닝맨 제주점!,Trip
여수라테라스리조트&워터파크 핫뜨뜨썸머LIVE💸🔥,Trip
핫뜨뜨! 여수라테라스&워터파크 HOT세일,Trip
[괌] 괌 신상 호텔+오션뷰에서 즐기는 여름휴가!,Trip
"온 가족이 함께하는 천연 온천, 아산 스파비스",Trip
국내 케이블카 모음zip 최대 46%할인!,Trip
[여행탐구소] 서울랜드 우주최고초초특가,Trip
🍊[제주여행] 가성비 끝판왕! 20만원대로 떠나자🍊,Trip
킬링타임/코믹마트 승훈이의 꿈은 이뤄질까?ㅋ,Trip
"봄날의 포레스트파크, 휘닉스 평창",Trip
"좋은 혜택으로 돌아온, 휘닉스평창 블루캐니언 연간이용권",Trip
🎊예천군 활축제🎊금당마루 호텔 - 숙박권 할인🎁,Trip
🔥5월6일엔 라테라스 최대 56% 할인! 🔥,Trip
5월6일엔 라테라스 최대 56% 할인! 🔥,Trip
[일산] 원마운트 워터파크 네이버 쇼핑라이브 단독특가,Trip
[라이브단독특가]오월은 어린이날 맞이 최대 50% 할인,Trip
[여행탐구소] 아산스파비스 종일권 초특급 할인!,Trip
천연 온천수 설악워터피아 & 경주뽀로로아쿠아빌리지!,Trip
여수의 여름은 5월5일부터! 디오션 워터파크,Trip
💗럭셔리 크루즈 여행💗 NO!쇼핑 NO!옵션,Trip
강릉 여행코스 필수템  자유이용권 라이브 방송 혜택!!,Trip
가정의 달 첫 봄 나들이는 소노벨 천안!,Trip
[블루밍데이즈] 탐나오와 제주투어패스 최대혜택전,Trip
-77%🌞여수라테라스 워터파크&숙박권 썸머라이브🔥,Trip
"가장 쉬운 해외로밍, 심통 BESPOKE 유심 esim",Trip
[라테라스 워터파크 특전] 객실&카바나패키지 파격할인!,Trip
에버랜드를 찐으로 즐기고 싶다면 지금이 가장 최적기!,Trip
[핫플버스] 제주도 서부 동부 중문 ⭐감성코스 할인⭐,Trip
🔥여수 라테라스 지금이 득템기회!🔥,Trip
"[다낭]베트남 특급 호캉스, 자유vs패키지 편하게 선택",Trip
서울랜드 35주년! 새로운 봄이 왔습니다!,Trip
새로운 시즌오픈! 더쾌적하고  숲속의 노천온천 테르메덴,Trip
날씨 좋은날 댕댕이하고 켄싱턴 리조트 함께 가요,Trip
반려견과 함께 켄싱턴 리조트 불멍하러 오세요,Trip
우리 댕댕이랑 놀러가자 충주 설악 켄싱턴 리조트,Trip
해외유심과 esim은 말톡으로 5월 연휴 준비해 보세요,Trip
부산프로포즈 사랑해요트투어 해운대 광안리,Trip
부산 요트프로포즈이벤트 해운대 광안리 더베이,Trip
부산프로포즈이벤트 해운대 광안리 더베이10,Trip
"W푸드테라피센터 봄푸드페스타, 음식대축제!!",Trip
365일 쾌적한 도심 속 실내 애니멀 테마파크,Trip
"진짜? 워터파크 티켓 9,900원?",Trip
[사이판] 달콤한 휴식과 재충전 시간. 사이판 자유여행,Trip
주말할인가 ⚡ 해변까지 5초컷 보라보라카라반 🚐,Trip
[주말 특가] 서울드래곤시티 최대 50%할인,Trip
주말에 라테라스 워터파크 놀러가자 🌊,Trip
서울드래곤시티의 축복이 끝이 없네! 최대 50% 할인,Trip
[라테라스 리조트] 봄맞이 숙박권/워터파크 88% 할인,Trip
[리뉴얼 초특가] 부산 그랩디오션 송도호텔,Trip
광주패밀리랜드 카라반 평일 이용권 최대 27%할인💥,Trip
"💡선셋뷰에서 산미구엘, 낭만적이야🫶",Trip
"I LOVE YOU채, 초록빛 파도 물결 안성팜랜드",Trip
[시드니]호주 대자연의 감동과 트렌디한 도시의 콜라보!,Trip
1st Anniversary 롯데월드 어드벤처 부산!,Trip
가성비 끝판왕! 제주여행 올패스 첫 기획라이브 특가,Trip
"[여행찾아?여기가바!]가족,연인 힐링여행 최고급유러피안",Trip
유플러스 무약정 요금제 첫달은 무료?!,Trip
"🌊여수라테라스 숙박권&워터파크, [72%최저가] 시작",Trip
[오늘의타임딜] 1시간 한정 워터파크 입장권 초특가?!,Trip
2030 부산엑스포 유치기원 해운대 요트투어,Trip
[핫플버스] 제주도 동부 서부 프리미엄 가파도 버스투어,Trip
[여행찾아? 여기가바!]🎇제주 우도 고품격 리조트,Trip
[오사카] 알뜰하고 실속있게! 오사카 자유여행!,Trip
★봄맞이 제주여행 제주투어패스&버스플러스 갓성비 끝판왕,Trip
[앵콜! 선착순 1+1 특가] 라테라스리조트&워터파크,Trip
★제주여행의 끝.판.왕! 제주투어패스★,Trip
아몽뜨 스튜디오의 하루,Trip
<경주월드>추억 타러가 블라썸?♥웰컴 투 도투락빌리지♥,Trip
제주도 대표 요트투어 그랑블루요트,Trip
🌸제주 벗꽃축제🌸나!지금 봄이야 뽐내봐~봄을 즐겨봐,Trip
<에버랜드> 페어리타운에서 봄의 낭만에 취해 봄,Trip
[홍콩] No.1 야경! 먹거리 천국! 홍콩 자유여행!,Trip
💙여수여행특전💛 얼리썸머 리조트&워터파크 -70%,Trip
[주말특가]서울드래곤시티 뷔페 2+1 혜택!,Trip
세계 미식여행 푸드 익스체인지 뷔페 라이브 특가,Trip
"지쳤을 그대, 영상보며 잠시 쉬었다 가요~❣",Trip
[보라카이]화이트비치에서 보내는 5월 황금연휴 초특가!,Trip
봄 여행은 설악워터피아!,Trip
🌸제주도의 분홍팝콘🌸제주대학교 벚꽂 방송 💕💕,Trip
대구 어디든 감성 가득 여행하고 싶다면!?,Trip
[여행찾아? 여기가바!] 봄 나들이 우도 여행🌿,Trip
국내 최대 유심 이심 플랫폼 말톡과 편안한 로밍하세요!,Trip
[하이원리조트] 스프링 힐링 패키지,Trip
"꽃길만 걸어요, 제주 봄꽃 여행",Trip
[괌]5월 황금연휴에는 괌 PIC로 가족여행 GoGo!,Trip
[선착순 1+1 찬스]라테라스 리조트&워터파크 빅세일,Trip
용평리조트 웰니스초이스 PKG,Trip
아름다운 한강 선셋과 함께! 로맨틱여행 이랜드크루즈💙,Trip
언제까지 추위에 떨면서 바베큐 즐길거에요?,Trip
봄이라 할인해봄! 아이랑 제주여행 모음집zip,Trip
7만원 특가인데 아직도 예약 안하고 뭐해요?,Trip
"향기로운 허브향기가 가득한 섬, 허브아일랜드",Trip
<휘닉스평창>강원도 평창으로 떠나는 봄날의 미식 여행,Trip
2023년1월 신축 카라반캠핑장이 7만원?!,Trip
인천 핫플 월미도 강화도 48시간 인천투어패스,Trip
[여수 라테라스] 객실 최저가로 두 마리 토끼 잡자!,Trip
가성비 내리는 무제한 경북여행 경북투어패스,Trip
부산에 상륙한 롯데월드1주년🎉생일파티🎉,Trip
[제주 우도] 자연과 함께하는 제주도 여행🌿,Trip
48시간 무제한 전북여행 전북투어패스,Trip
[핫플버스] 제주도 우도 가파도 자유여행 버스투어패키지,Trip
루나폴 전래동화를 들려주마,Trip
최초 주말할인가 ⚡ 해변까지 5초컷 보라보라카라반 🚐,Trip
[싱가포르]자유여행 or 패키지. 5월 황금연휴 GO!,Trip
<원더박스> 상상속 밤의 유원지에서 즐기는 가족 봄소풍,Trip
<롯데월드> 부산 상륙 🎉1주년🎉생일파티!,Trip
"3/24 시즌 오픈기념, 레고랜드🎁최대혜택",Trip
[최초판매]라테라스 워터파크 시즌권 3/4/5/6/7월,Trip
<레고랜드> 3/24 시즌 오픈 기념🎉 최대 혜택,Trip
🐳포항 유니의바다 카라반 봄맞이 라이브 특가 이벤트,Trip
2023년1월 오픈한 카라반캠핑장이 7만원?,Trip
제주도 대표 요트투어 1+1 사전예약 이벤트,Trip
"제주여행 필수템, 제주투어패스 첫 기획 라이브 특가",Trip
[라테라스 짜릿한 특가할인] 객실부터 워터파크까지!,Trip
"[큐슈]봄꽃 명소와 함께, 남들과 다른 진짜 큐슈 여행",Trip
[선착순] 여수라테라스리조트/워터파크 반값대란!,Trip
제주도 요트투어 사전예약 할인 이벤트,Trip
"[핫플버스] 제주도⭐가파도 오픈⭐/동부 ,서부감성 할인",Trip
[여행탐구소] 주렁주렁 애니멀테마파크 모음집 대방출,Trip
속초여행오셔서 승마체험해보세요!,Trip
포항풀빌라 유니의바다 🐶애견동반 OPEN기념 LIVE,Trip
[여행탐구소] 아쿠아플라넷 모음집 대방출,Trip
[도쿄]일본의 중심 도쿄에서 만나는 봄날의 벚꽃 여행!,Trip
6개월 쓰면 4.4만원 이득! 유플러스 무약정 요금제!,Trip
★제주여행 필수템! 올패스 자유이용권 최초 현장라이브★,Trip
★봄맞이 제주여행 제주투어패스 현장방송 라이브특가★,Trip
"[먹투어PKG] 여수 초호화 리조트 99,000원~",Trip
휘닉스 평창에서 만나는 미식여행,Trip
경주 신축 독채 풀빌라 오픈기념 최대 78% 할인!,Trip
코엑스 아쿠아리움에 나타난 상어인간,Trip
[핫플버스] 제주도 봄코스오픈 이벤트 ⭐전코스할인⭐,Trip
"[보홀] 필리핀의 보석같은 휴양지, 보홀 자유여행!",Trip
도심 속 로맨틱 아일랜드 N서울타워!,Trip
"[블루밍데이즈]라테라스 오션뷰객실이 99,000원부터?",Trip
경주의 신축 독채 풀빌라를 8만원대로 가자!,Trip
[호텔탑스텐] 강릉-정동진🌊5월 성수기도 예약 가능,Trip
[평창 알펜시아] 청정지역에서 즐기는 우리가족 여행,Trip
갓 나온 신축 독채풀빌라가 8만원대라규~!?,Trip
"[제주 우도] 제주도로 떠나는 예술, 힐링 여행!",Trip
"부산 커플여행,가족여행 부산투어패스 24시간 단독특가!",Trip
[방콕]자유여행 끝판왕! 방콕에서 즐기는 완벽 3박5일,Trip
라스트 겨울! 겨울방학의 마무리는 에버랜드와 함께!,Trip
[여행탐구소] 서울랜드 초초초초초특가,Trip
2023 계묘년 LIVE초특가! 원마운트 워터파크!!,Trip
★이벤트 맛집! 제주투어패스와 함께하는 이벤트 축제 ★,Trip
1+1 제주도여행 원쁠딜 할인 요트투어,Trip
[여수초호화리조트] 워터파크 포함 갓성비PKG,Trip
요즘같이 추운 날씨엔 따뜻한 아쿠아필드가 안성맞춤!,Trip
이번 겨울 캐비로 스파 여행 어때?,Trip
"가장 쉬운 로밍, 심통 e-SIM 라이브!",Trip
[드림스코프]-YMCA 스키대회,Trip
[제주 우도]  예술힐링여행 훈데르트바서파크,Trip
[핫플버스] 강원도 강릉 속초 양양 버스투어패키지!🌊,Trip
제주도여행 핫플레이스 요트투어 1+1,Trip
구룡포의 아침은 찬란하다!!,Trip
제주여행 제주숙박 캠퍼트리호텔앤리조트 라이브 초특가♥,Trip
제주도 요트투어 1+1 할인 이벤트!,Trip
[푸꾸옥] 베트남의 몰디브! 푸꾸옥에서 자유여행!,Trip
유니의바다 풀빌라-반려동물 동반입실 OPEN,Trip
웰리힐리파크 상상만으로도 짜릿한 겨울 패키지,Trip
아쿠아플라넷 제주X유미의 세포전 특별 할인!,Trip
♥️ 부산여행은 부산투어패스와 함께 라이브 특가 ♥,Trip
★겨울방학 하이라이트는 오션뷰 맛집이징~★,Trip
❗제주 우도❗예술힐링여행 훈데르트바서파크,Trip
[완.벽.여수여행] 내맘대로 혜택을 뚝딱!,Trip
상상만으로도 짜릿한 겨울 패키지! 웰리힐리파크,Trip
"여수 초호화 리조트 숙박권 99,000원~",Trip
포항 유니의바다 겨울방학특집 50% 할인특가,Trip
포항 유니의바다 겨울방학기념 50% 할인구성,Trip
서울에서 40분! 프리미엄스키장 곤지암리조트,Trip
포항 유니의바다 카라반 캠핑장 라이브 초특가!,Trip
겨울엔 역시! 서경환의 레저댓 X 곤지암리조트 리프트권,Trip
눈과 함께 하는 모든 즐거움! 휘닉스 평창,Trip
드림스코프님의 라이브 방송,Trip
눈과 함께 하는 모든 즐거움! 휘닉스 평창 스노우파크,Trip
제주도여행 요트투어 사전예약 할인 이벤트,Trip
"아쿠아필드&센텀스파랜드, 다산 힐앤스파 신규오픈!",Trip
<다시보기> 서울랜드 스노우펀파크 오픈!!,Trip
[오사카] 드디어 찾아온!  오사카 자유여행 쇼핑라이브,Trip
설날 여행🐰🌕 설연휴 국내여행은 울릉크루즈로🚢,Trip
천연 온천수로 즐기는 따듯한 온천스파 설악워터피아!,Trip
스노우펀파크 눈썰매장 그랜드 오픈!,Trip
<다시보기> 천연온수풀로 힐링! 이천테르메덴,Trip
겨울에 즐기는 용인 패러글라이딩 대박 초특가,Trip
천연온수풀로 따뜻하게 즐기는 풀앤스파!,Trip
1월에 에버랜드를 가야만 하는 이유?!,Trip
올 겨울 최고의 재미! 원마운트 스노우파크,Trip
WINTER CHECK-IN 비발디파크,Trip
[다낭] 한겨울에 즐기는 따뜻한 베트남 다낭 자유여행!,Trip
[완판앵콜] 여수 초호화 리조트 갓성비패키지,Trip
서경환의 레저댓 X 비발디파크 스키&스노위랜드,Trip
⭐️부산으로 오이소 부산투어패스 첫라이브 특가&혜택⭐️,Trip
빅잼! 꿀잼각! 스릴있는 에버랜드 스노우버스터!,Trip
설날 여행🐰🌕 설연휴 국내여행은 울릉 크루즈로🚢,Trip
[일본] 북해도 여행! 한일 특별전세크루즈 6/7일,Trip
[블루밍데이즈] 여수 라테라스 가족끼리오면 혜택이 2배,Trip
여름엔 캐비지! 근데 겨울도 캐비다?,Trip
국내 관광지 NO1. 제주 우도 훈데르트힐즈 숙박권,Trip
포항 유니의바다 리뉴얼 기념 60% 할인,Trip
★23년 첫 라이브특가 할인 투어패스 겨울방학특집★,Trip
겨울에도 핫한 소노벨 천안!,Trip
해피2023신나는 겨울본격스릴 스노우파크 in 경주월드,Trip
[숙박대전] 여수 호텔 라테라스X발렌티노 뷰티,Trip
[핫플버스] 경주 제주도 버스투어 투어버스 패키지여행,Trip
애견동반 울릉크루즈🐶겨울 국내가족여행은 울릉도로!🛳,Trip
여수라테라스 핫뜨뜨🔥 워터파크 티켓,Trip
겨울국내가족여행🛳 반려견동반패키지코스는 울릉크루즈🐶,Trip
겨울에 더 따뜻한 천연 온천 아산 스파비스,Trip
"[라바타:설캉스의길] 여수라테라스, 판도라가 열린다",Trip
포항 유니의바다 리뉴얼 기념 60% 할인특가,Trip
연말 연초 다이어트 화사한신부 다이어트 체험권,Trip
[용인패러글라이딩] 이제 수도권에서 즐기자! 대박 특가,Trip
[12월31일출발]새해맞이🌞해돋이패키지여행 울릉크루즈,Trip
🛳 국내 겨울애견동반 가족패키지여행 울릉크루즈와 함께,Trip
가족여행 추천🛳 반려견 동반🐶 울릉크루즈와 함께,Trip
포항 유니의바다 카라반 캠핑장 리뉴얼 라이브 초특가!,Trip
코엑스아쿠아리움 옥토넛 대원 대모집연간이용권 50%할인,Trip
🚢국내 겨울애견동반 가족패키지여행은 울릉크루즈와 함께,Trip
포항 유니의바다 60% 초특가 할인,Trip
새해맞이🌞해돋이패키지여행은 일출명소 울릉크루즈에서!,Trip
겨울방학 라테라스 특가 잡고!  발렌티노 득템하자!,Trip
더욱 짜릿하고 새로워진 휘닉스 평창,Trip
⭐️경주 루지월드 연말&겨울방학 특집 특가⭐️,Trip
❤️경주 정글의법칙 연말&겨울방학 특집 첫 라이브 특가,Trip
새해맞이🌞해돋이 패키지여행은 일출명소 울릉크루즈에서!,Trip
새해맞이🌞해돋이패키지여행은 일출명소울릉크루즈에서!,Trip
[12/31출발]새해 해돋이일출여행 패키지!,Trip
홀리데이니까!🎄 인기객실 마지막 초특가❤️,Trip
안전을 위해 필수! 수상자격증 대비반 과정🏊,Trip
엘리시안 강촌 키즈 스키 캠프⛷️,Trip
유럽 지중해풍 고급리조트 우도 훈데르트힐즈,Trip
[핫플버스] ⭐제주도 패키지 버스투어 전체 코스 할인⭐,Trip
"[새해반값🖐] 2023 여수라테라스, 혜택이 깡!총!",Trip
자연과 하나되는 색다른 머무름 에코랜드 호텔&테마파크,Trip
쌀쌀한날씨에 김이 모락모락! 숲속의 노천온천 테르메덴,Trip
[오키나와]프로골퍼와 함께 하는 해외 골프 투어,Trip
역대급 특가!!! 부산 X the SKY!,Trip
제주라프 크리스마스 여행 라플라이&라풋 역대 최저가 ♥,Trip
동백은 역시 카멜리아힐!,Trip
[파라다이스 스파 도고] 뜨끈뜨끈한 스파 도고!,Trip
Welcome to EVERLAND♥,Trip
♥연말감사제♥ 경주월드&스노우파크 겨울스릴 기대해!,Trip
"케라스타즈, 당신만을 위한 프로페셔널 레시피",Trip
서울드래곤시티 2023 딸기 스튜디오 오픈!,Trip
한 달 10키로 감량 화사한 다이어트 1일 체험권,Trip
[베스트 라이브 앵콜전]괌 PIC에서 만나는 겨울방학!,Trip
❄️여수 유일 북유럽감성❄️ 호텔 라테라스 리조트,Trip
WINTER CHECK-IN! 비발디파크스키&스노위랜드,Trip
아쿠아필드&센텀스파랜드 최대 43% 할인!,Trip
연말 럭셔리 호캉스 메종글래드 제주 7만원대부터 핫딜!,Trip
잼형의 굿 스멜~ 나트랑 세미팩 44.9만원,Trip
하이원리조트 리프트+스노우월드+워터월드 한번에!,Trip
🔥연말여행 화끈하게 뿌수기🔥여수여행의 핫플 라테라스,Trip
[베스트 라이브 앵콜전]돌아온 나트랑! 이번엔 가야해!,Trip
[라테라스결산쎄일] 연말성수기 객실확보! 혜택이 꾹꾹!,Trip
[대구관광특집] 호캉스 끝판 왕!! 호텔수성 LIVE,Trip
♥제주여행 숙박 캠퍼트리호텔앤리조트 역대최저가&이벤트♥,Trip
🍊제주아꼼이네 감귤체험장 미리보기🧡,Trip
[대구관광특집] 팔공산 친환경 딸기 상품 체험 호감농장,Trip
대구 스파크랜드 방학 기념 올데이패스 1개월 특별 판매,Trip
제주 아쿠아플라넷 할인!!,Trip
🔥최고혜택/최소가격🔥여수라테라스 리조트 막차 타기,Trip
터키(튀르키예) 카파도키아 열기구 투어,Trip
롯데월드 아쿠아리움&서울스카이 최대 45% 할인!,Trip
56%할인 프리미엄한옥&템플힐링여행,Trip
이 가격실화❓한옥마을 뜰안채숙소 최저가도전![JICA],Trip
🎅🎄홀리데이 인 라테라스🎁시청만 해도 경품 증정!,Trip
부산항&대한해협 원나잇 크루즈🚢,Trip
애견동반여행 선마을 힐리펫룸 최대 47% 할인전🐶,Trip
내가 만드는 전주 초코파이! 체험권라이브💌[JICA],Trip
더정가 스테이 한옥마을숙소 숙박권 라이브💌[JICA],Trip
한옥의 멋이 그대로 정가한옥숙박권 라이브💌[JICA],Trip
"""완판! 2차앵콜"" 나를 위한 휴(休)캉스 특가",Trip
[핫플버스] 제주도 겨울코스 오픈기념 🚨전코스할인🚨,Trip
11월은 역시 가을 감성 충만한 에버랜드와 함께!,Trip
❤앵콜 제주여행 관광지 프리패스 투어패스 현장특가❤,Trip
한옥마을 수제각 돌도장&컵받침 체험권💌[JICA],Trip
"[JICA]가족,친구,반려견과 함께 힐링 할 수 있는곳",Trip
리뉴얼 최초공개! 원마운트 스노우파크,Trip
2022 올한해 고생한 나를 위한 휴(休)캉스 특가!,Trip
올 겨울은 레저댓과 평창에서! 휘닉스평창&알펜시아,Trip
한 달 10키로 화사한 다이어트 1일 체험권,Trip
쌀쌀한 날씨에 김이 모락모락! 숲속의 노천온천 테르메덴,Trip
"[핫플버스] 제주도 서부, 동부 프리미엄 버스투어 할인",Trip
도심 속 온천스파! 웅진플레이도시,Trip
📢돌아온 라이브방송 황제! 이야기모바일 LIVE,Trip
겨울레저의 시작! 레저댓 X4 시즌패스🏂🏻,Trip
[관광기업지원센터] 여행공방 한강  원데이 투어🚴‍♀,Trip
★경주 루지월드 오픈 1주년 기념 라이브 특가★,Trip
[단독특가 72% 할인] 가평 쥬쥬키즈풀빌라 2탄,Trip
[관광기업지원센터] 어뮤즈트래블 전통 가득한 당일여행❤,Trip
[단독특가 72%할인] 가평 쥬쥬키즈풀빌라 1탄,Trip
[용인패러글라이딩] 하모니 코스 첫 방송 기념 특가!,Trip
"제주도 곶자왈에서 펼쳐지는 달의세계 루나폴, 루나피크닉",Trip
"[여수라테라스리조트] 반짝이는 겨울, 반짝이는 특가✨",Trip
[관광기업지원센터] 고차박 청양 당일치기 차크닉🚙,Trip
[관광기업지원센터] K전통 3색 요트투어 요트립⛵,Trip
제주 여행관광지 가성비 끝판왕!최초 현장방송 투어패스☆,Trip
포항 유니의바다 풀빌라최대80%할인 역대최다객실라이브!,Trip
"도심 속 실내 애니멀 테마파크, 주렁주렁",Trip
[연말 미리 준비하기]우리끼리 연말 PKG,Trip
[단독특가] 리솜 얼리버드 객실스파 패키지,Trip
쌀쌀한 날씨엔 도심근교로 떠나는 펀캉스!,Trip
[지구여행자위크]다시 돌아온 일본! 동경 or 후쿠오카,Trip
★군산시사회적경제한마당★사회적경제한마당★,Trip
롯데월드 어드벤처 지구여행자 앵콜딜!,Trip
황금희에스테틱 최초 공구가! 도도한상점라방에서 만나요❤,Trip
국내 최대의 크루즈 여행! 현대유람선!,Trip
[지구여행자위크] 휘닉스 평창 특가,Trip
평창 알펜시아 스키 시즌권 특가!,Trip
[지구여행자위크] 베트남 푸꾸옥 힐링여행,Trip
[지구여행자위크] 초대형 동남아 크루즈 여행,Trip
[지구여행자위크] FEI 오감만족 다이닝,Trip
[지구여행자위크] 국내 최대의 크루즈 여행! 현대유람선,Trip
[지구여행자위크] 휴양지 끝판왕 보라카이,Trip
[지구여행자위크] 방콕 자유여행 3박 5일,Trip
[지구여행자위크] 푸꾸옥에서 만나는 힐링+안심+자유여행,Trip
[대구관광특집] 땅땅치킨 만들기 체험 테마파크,Trip
"[지구여행자위크] 가장 즐거운 겨울 여행, 휘닉스 평창",Trip
[지구여행자위크] 남들과 다르게! 초대형 크루즈 여행!,Trip
[대구관광특집] 숙박부터 투어 힐링여행 공감게스트하우스,Trip
[지구여행자위크] 올해 연말은 방콕에서 완전 자유여행!,Trip
[지구여행자위크] 겨울의 설레임! 평창 알펜시아 특가!,Trip
[지구여행자위크] 롯데월드 잠실X레저댓 할로윈🏰,Trip
[지구여행자위크] 휴양지 끝판왕! 보라카이 자유여행!,Trip
[대구관광특집]  무덤덤투어 안달투어🚲️ 더휴앤,Trip
[지구여행자위크] 서울드래곤시티 5주년 기념,Trip
지구여행자위크 X 여행 읽어주는 다나,Trip
ALL IN ONE 핫플패키지 원하는대로 PICK!,Trip
[대구관광특집] 향촌동 골목길 드로잉 여행,Trip
"[핫플버스] 제주도 버스투어 서부, 동부 감성코스 할인",Trip
[스페인+포루투갈] 국적기로 떠나는 매력적인 지중해,Trip
더 핫해진 대구 이월드 연간권/자유이용권 파격할인!,Trip
[대구관광특집] 도심 속 휴식공간 한옥스테이 빌라드모리,Trip
[여수라테라스] 혜택만 쏙쏙!,Trip
[대구관광특집] 클릭 한번으로 떠나는 대구음악여행🎵,Trip
🧐온천축제 2022강원도 델피노호텔&리조트 온천대축제,Trip
2022온천대축제 강원도 델피노리조트  수제맥주축제🍻,Trip
"여수 🔥핫플🔥 쏙-쏙! 우리, 여수여행갈까?",Trip
⛺전기차 캠핑카렌트 최대 1일 15만원! 특별한 추억~,Trip
"가을 가면축제 마디그라부터 겨울, 봄까지!",Trip
제부도해상케이블카&파주DMZ곤돌라! 최대 40% 할인!,Trip
[다낭] 월드체인 5성급에서 즐기는 역대급 다낭 여행!,Trip
미미언니와 당신이 떠난 사이에🌛 속초 전주 생활관광,Trip
[경기도 가평] 유명산마을 힐링체험 데이캠핑 / 팜크닉,Trip
롯데월드 어드벤처 부산으로 떠나요!,Trip
[부산요트투어⛵] 아이러브요트🧡 최대23% 할인,Trip
[경기도 고양] 그린다 업사이클링 체험 학교(프로그램),Trip
[앵콜 핫딜] 롯데월드 부산X레저댓 마지막 특가!,Trip
10월 7일~10일 2022 경북 참 웰니스 페스티벌,Trip
"가장 쉬운 해외로밍, 심통 태국 유심 esim",Trip
[경기도 화성] 필레오 치유&힐링농장 체험 프로그램,Trip
제주여행 올패스,Trip
[대구관광특집] 대구활공랜드 패러글라이딩🪂,Trip
[세부] 럭셔리 호텔vs 갓성비 호텔. 네쇼라 특가!,Trip
가을에 더 좋아! 제주 여행 즐기기!,Trip
[경기시흥]누리봄 누룽지 만들기 체험 & 임가공 봉사,Trip
[경기도 파주] 자연같이 달팽이 생태체험 프로그램,Trip
[숏클립] 당잠사 서울드래곤시티+이비스 혜택 오늘까지,Trip
화제의 롯데월드 부산🏰 레저댓 15화,Trip
대구 동성로 핫플레이스 스파크랜드 올데이패스,Trip
[경기 의정부] 해솔호빵만들기+봉사점수3시간+금빵1세트,Trip
[나트랑]나트랑에서 만나는 꿈같은 휴식! 최저가로 GO,Trip
미미언니와 당신이 잠든 사이에🌛 서울드래곤시티+이비스,Trip
포항 유니의바다 카라반 최대 60%할인 라이브 초특가!,Trip
[경기도 평택] 길음앤지음 농촌체험마을 생태 체험학습,Trip
[경기도 포천] 교동장독대마을 농촌 체험 프로그램,Trip
[경기 양평] 뚱딴지마을 농촌체험 프로그램 (3개체험),Trip
⛵[부산요트투어] 아이러브유요트🔥최대72% 초특가🔥,Trip
[대구관광특집] 대구 메리어트 호텔,Trip
[괌]단독! 츠바키타워 카멜리아 클럽 객실 업그레이드!,Trip
올 가을 나들이는 서울랜드로! 레저댓 13화,Trip
[경기 안양] 문식품 수제초코파이 만들기 원데이 클래스,Trip
[시흥] 귀농귀촌 시니어를 위한 양봉체험 원데이클래스,Trip
"안성코스목동축제, 핑크빛 목장 안성팜랜드 라이브 특가",Trip
"당신이 함께 하는 그곳, 꿈꾸는 여행",Trip
대구 이월드 연간권/자유이용권 파격할인!,Trip
✈통영 욕지도에서 에어차박텔을 만나보세요🐧,Trip
여행 읽어주는 다나 5화!,Trip
"[핫플버스] 제주도 가을코스 서부, 동부, 중문감성",Trip
"모험이 가득한 숲속 테마파크, 놀자숲",Trip
[대구관광특집] 인터불고 엑스코 호텔,Trip
[방콕/파타야]태국 핫플레이스만 쏙쏙! 특가로 고고!,Trip
스릴 넘치는 첫번째 할로윈축제 in 경주월드,Trip
[대구관광특집] 네이처파크 종일권 1+1,Trip
아쿠아플라넷63/광교/일산  최대 47% 할인!,Trip
🌳가자! 광주시 숲체험 학습 자연생물숲과 친해지기🌲,Trip
[사이판]청정지역 사이판에서 즐기는 힐링 자유여행 특가,Trip
[블루밍위크] 라테라스리조트 구구특가🤗,Trip
해피 할로윈 축제 오픈! 에버랜드로! 레저댓 12화,Trip
여행 읽어주는 다나 4화! 두근두근 가을 여행!,Trip
포항 유니의바다 카라반 최대50%할인 오직 라이브에서만,Trip
서울드래곤시티 어텀 샤인머스캣 스튜디오,Trip
[곤지암루지360] 최초 라이브 특가!,Trip
모공축소 소공녀 피부 만들기 패키지,Trip
"라테라스리조트 특가왕! 연휴끝, 세일시작!",Trip
"<추석특집>수분, 비타민, 단백질 재생 트리트먼트",Trip
[푸꾸옥]베트남의 몰디브! 푸꾸옥 자유여행 단독 특가!,Trip
[로우시즌 특가] 파라다이스 스파 도고,Trip
포항 유니의바다 풀빌라최대60%할인 역대최다객실라이브!,Trip
"여수라테라스, 단돈 100원에 싹-쓰리LIVE🎁",Trip
🌿공간인화 리뉴얼 룸 투어🌿 첫 라이브방송!,Trip
아쿠아필드와 함께하는 서경환의 레저댓! 10화,Trip
용평리조트 어텀브리즈 PKG,Trip
◔͜͡◔요기어때 북유럽풍 강원도 뮤트펜션 연인 가족❤️,Trip
◔͜͡◔요기어때 북유럽풍 강원도 펜션 연인 가족여행❤️,Trip
여행 읽어주는 다나 3화! 추석 여행 노리기!,Trip
언제나 신나는 웅진플레이도시 워터파크&온천스파,Trip
[핫플버스] 제주도 🔥동부코스 전체할인🔥 버스패키지,Trip
[스위스/이탈리아]서유럽 2개국 풀패키지 단독 특가!,Trip
[대구관광특집] 빅버드 패러글라이딩,Trip
에버랜드 할로윈 축제 커밍순! 10월말까지 사용가능!,Trip
휘닉스 평창에서 즐기는 완벽한 하루,Trip
"[세부] 필리핀 세부 고급 리조트, 여행라이브 특가!",Trip
[라이브 특가]부산 엘시티 레지던스 호텔 숙박권,Trip
여행 읽어주는 다나 2화!,Trip
[숏클립] 당잠사 소피텔 앰배서더 서울 마지막 특가찬스,Trip
소노 전 지점과 함께하는 서경환의 레저댓! 9화,Trip
[핫플버스] 제주도 🔥서부코스 전체할인🔥 버스패키지,Trip
유탑유블레스호텔 제주 특가 장기 숙박권 X 액티비티❤,Trip
"[베트남 다낭] 패키지vs자유여행, 단독 특가로 고고!",Trip
좁쌀 화농성 여드름 관리,Trip
미미언니와 당신이 잠든 사이에🌛 소피텔 앰배서더 서울,Trip
"동굴 속 신비한 모험, 광명동굴 네이버 단독 특가",Trip
리솜과 함께하는 서경환의 레저댓! 8화,Trip
비욘 VYON의 쇼핑라이브,Trip
여행 읽어주는 다나 1화!,Trip
강남에서 한시간 거리! 숲속의 노천온천 테르메덴,Trip
[대구관광특집] 대구최대 수상레저 워터파크 핀스파크,Trip
[여수 라테라스 리조트]⭐️긴급세일⭐️,Trip
[라테라스 리조트]⭐️긴급세일⭐️,Trip
#꿀잼 #꿀잠 #꿀맛 COOL~한 하이원!,Trip
경주 텐타우스 캠핑장 성수기 30%할인 오직 라이브에서,Trip
숲체험 키트 이벤트! 아이 학습용 거미표본 교구,Trip
떠나요~섬으로🏝 숙박비무료! 인천 섬 패키지 여행상품,Trip
캘리포니아비치&경주월드와 함께하는 서경환의 레저댓 7화,Trip
[하이라이트] 최대 65% 할인 원마운트 특가 재오픈,Trip
캠프통 포레스트! 국내 최대 수상레저 천국,Trip
시원하고 짜릿한 원마운트 워터파크 ★LIVE특가★,Trip
기미 잡티 칙칙한 피부 관리,Trip
💸 여수라테라스 앵콜방송! 이상한 가격의 쇼핑라이브,Trip
캐리비안베이와 함께하는 서경환의 레저댓! 6화,Trip
"온 가족 달콤한 휴양지, 아산스파비스 최대 60% 할인",Trip
워터플레이&레저캠프 수상레저 성수기포함 75% 할인!,Trip
아쿠아필드&센텀스파랜드 최대 50% 할인!,Trip
경주 보문 카라반파크 성수기 최대40%할인 라이브에서만,Trip
도심 속 바캉스 아이스크림 홈런 키즈 워터파크🌊,Trip
ENJOY the 중흥,Trip
"[Fly Again]이탈리아 완전 일주, 라이브 특가!",Trip
여름에는 워터파크! 워터파크는 오션어드벤처 천안!,Trip
[이랜드크루즈] 한강에서 유람선으로 낭만여행을 떠나자!,Trip
#여수라테라스 #이상한_가격의_쇼핑라이브💸,Trip
🌊여름 휴가철 액티비티를 통영과 제주도에서 만나보세요,Trip
색다른 제주의 머무름 에코랜드 호텔 GRAND OPEN,Trip
캠프통포레스트 수상레저 특가! 서경환의 레저댓! 4화,Trip
"[핫플버스] 제주도 감성투어, 핫플투어 할인 (중문X)",Trip
"[Fly Again]싱가포르 특급호텔, 단독 특가 찬스",Trip
"2022년 여름, 캐리비안베이로 컴백캐!",Trip
<여름철 피부 지키기 3탄> 열받은 피부 진정!!,Trip
대구 워터파크 스파밸리 라이브 한정 초특가,Trip
[오션월드] 올여름 휴가계획은 오션월드로!,Trip
[웰리힐리파크] 우주신상 워터파크 최대 41% 할인💦,Trip
"[환혼] 장욱&무덕이의 동상이몽 추억여행, 문경에코랄라",Trip
[하이원리조트] 워터월드 종일권 최대 45% 할인🔥,Trip
포항 유니의바다 풀빌라 극성수기 최대60%할인 라이브!,Trip
[핫플버스] 제주도 ⚡전코스할인⚡ 1+1중복할인불가,Trip
[Fly Again] 환상의 섬 보라카이로 Go!Go!,Trip
본격 여름 시작! 2022 에버랜드 슈팅워터펀과 함께!,Trip
<여름철 피부 지키기 2탄>수분충전 보습 솔루션,Trip
[평창 알펜시아] 올 여름 시원한 여행은 알펜시아에서!,Trip
올 여름은 원마운트 워터파크로!🌊 쇼핑LIVE특가★,Trip
[환혼x문경] 에코랄라 PKG 25% 할인!,Trip
[여수 라테라스 리조트] 줍줍특가💨,Trip
"[환혼] 장욱&무덕이의 수련 장소, 문경 에코랄라!",Trip
[앵콜LIVE]All서머바캉스는 캘리뿐이야비치,Trip
블루원 워터파크 올인원 패키지!!,Trip
세계 최장 미로테마파크 메이즈랜드,Trip
안녕 수국 카멜리아힐,Trip
"[15주년 특가] 파라다이스 스파 도고, 한여름의 추억",Trip
[여수 라테라스 워터파크] 유아 키즈풀 야외스파까지,Trip
[Fly Again] 괌 특급 자유여행! 단독 특가!,Trip
<아쿠아필드> 최/저/가/ :도심속의 힐링으로 떠나자!,Trip
포항 유니의바다 카라반  최대60%할인 오직 라이브에서,Trip
[핫플버스] 제주도 셔틀버스 버스투어 여행패키지 할인,Trip
"[휘닉스 평창] 올인원 풀패키지 149,000원~",Trip
[Fly Again]나트랑 특급 자유여행! 단독 특가!,Trip
휘닉스 평창에서 즐기는 서머 바캉스,Trip
비건화장품 보케르 디톡스 관리,Trip
여름휴가는 완주에서! 40% 할인된 가격으로 만나보세요,Trip
여름방학에 뭐하지?! 직업체험 테마파크 <키자니아>,Trip
워터플레이&레저캠프! 가평 수상레저 최대 84% 할인!,Trip
여행가는달 특집 남해여행 요트투어X설리스카이 51%할인,Trip
🌞핫썸머세일🧡 여수라테라스 2차 앵콜방송!,Trip
나만 알고싶은 곡성 숲멍트레일워킹(당일/1박),Trip
포항 유니의 바다 풀빌라 60% 할인 오직 라이브에서만,Trip
당신이 떠난 사이에🏝 아름다운 보홀로 떠나요!,Trip
캠프통 아일랜드&포레스트! 지상 최대 수상레저 천국,Trip
아쿠아필드 전지점 프리패스! 최대 40% 할인!,Trip
[여름준비끝판왕]캘리포니아비치&경주월드 얼리버드 특가!,Trip
한국민속촌 자유이용권(곤룡포 우의),Trip
색다른 여수여행의 시작! 아쿠아플라넷 여수,Trip
라테라스 리조트 ⚡핫썸머 세일⚡,Trip
단독혜택! N Pay 최대 5만원 증정&미개봉 단말기,Trip
나만 알고 싶은 곡성 숲멍트레일워킹(당일/1박),Trip
"비바람,무더위도 걱정없는 제주 실내 관광지 모음.zip",Trip
아이가 좋아하는 숲체험 키트! 구매인증시 파우치 증정!,Trip
[인천] 리베라베리움 뷰캉스 특가,Trip
[서울] 호텔코리아나 호캉스&먹캉스 특가,Trip
[선릉] 호텔뉴브 도심 속 파티룸 특가,Trip
All New 오션어드벤처 천안! 화끈한 여름나기!,Trip
[제주] 위드스테이 제주 뷰캉스 특가,Trip
[명동] G2호텔 호캉스 특가,Trip
[핫플버스]제주 버스투어 여름코스오픈 💥전코스할인💥,Trip
✨오감체험✨ 고창 하전 갯벌체험할인권 [JICA],Trip
[광주] 유탑부티크 워터파크 풀캉스 특가,Trip
한국민속촌 자유이용권(손소독제 증정),Trip
천연 온천수 워터파크! 올여름은 <설악워터피아>,Trip
[서울] 호텔코리아나 호캉스&먹캉스 라이브특가,Trip
2022 에버랜드 워터페스티벌 커밍순!,Trip
당신이 잠든 사이에🏝 여행가는 달 전국 여행!,Trip
[신사동 투어]_라이브특가 마지막기회!!,Trip
[핫플버스] 제주도 여행 버스패키지 🔔전코스할인🔔,Trip
트레이더스 단독 여름준비! 물놀이용품 대전 특가 라이브,Trip
신사동 가로세로뒤로 인사이트체험,Trip
[압구정 신사동 투어] 대표님이 쏜다!! 무료투어기회,Trip
서경환의 레져댓! 1화. 여행가는 달 강릉 스킨스쿠버,Trip
아르츠스파앤풀빌라 가든 BBQ 바구니 세트 (2인),Trip
"데이터&통신 무제한 17,500원 라이브중에만",Trip
(99%할인) 제주 풀빌라 리조트 아르츠스파앤풀빌라,Trip
[포케트래블] 네스트호텔에서 보내는 완벽한 하루,Trip
[투어위드펭귄X와이리] 이비스 호텔 특가 장기숙박권!,Trip
[Fly Again]사이판 특급 자유여행! 단독 특가!,Trip
[10분앵콜] 당잠사X다낭 빈펄 자유여행 마지막 특가!,Trip
"강릉 세인트존스 호텔 풀패키지 149,000원부터💙",Trip
[핫플버스] 경주 여행패키지 🚨전상품할인🚨 버스투어,Trip
알뜰폰유심 라이브중에만 최저가!!!,Trip
[이랜드크루즈] 한강투어로 만드는 잊지못할 추억!,Trip
당신이 떠난 사이에🏝 다낭 빈펄 자유여행!,Trip
여수라테라스 6월·7월·8월 특가대전!,Trip
[웅진플레이도시]온가족이 즐겁고 힐링하는 웅진플레이도시,Trip
🐧제주에서 펭귄 타봤니?⛵반잠수정+액티비티 체험🐧,Trip
세계최초 말전문 테마공원 더마파크 단독 특가!!,Trip
"단돈 9,900원?! 아쿠아필드 & 원더래빗 입장권",Trip
MZ세대 뭐 있어? 우리도 HIP해질 수 있어!,Trip
💙최대 77% 할인💙소노 호텔&리조트+워터파크 3인,Trip
"[Fly Again]동남아 휴양지 천국, 세부 자유여행",Trip
🌊원마운트 워터파크🌊 쇼핑LIVE 파격특가!,Trip
[핫플버스] 제주도 버스패키지 동부 서부 중문 서귀포,Trip
시흥 웨이브파크 최초 라이브!,Trip
피부 잡티 칙칙한 피부관리,Trip
스탠포드호텔 라이브커머스 최저가 패키지!,Trip
[마마프로젝트10화] 나들이육아템 with 키자니아,Trip
"[완주군농촌관광패키지] 기다림을 모아, 완주로 출발!",Trip
딸기따기체험+무제한 놀이터+무료음료까지! 뜰농장,Trip
"가정의달 맞이, 히어로플레이파크에서 드리는 특별한 선물",Trip
힐링명소 2시간 체험권+무료음료+화분 할인! 퇴촌식물원,Trip
제주 프라이빗 풀빌라 '헤겔의 빛' 숙박권 런칭,Trip
미미언니와 당신이 잠든 사이에🌛 토모노야 3개 지점,Trip
[핫플버스] 경주 투어버스 🚨전상품할인🚨 버스패키지,Trip
[Fly Again] 이제 한번 떠나볼까? 괌 자유여행,Trip
제주에서 펭귄 타봤니?🐧반잠수정+액티비티체험⛵,Trip
<벨포레리조트> 가정의달 라이브 특가,Trip
2022 에버랜드 장미축제 커밍순!,Trip
[그랜드하얏트인천호텔] 얼리 썸머 스테이케이션,Trip
섬진강 물멍 트레일워킹,Trip
[핫플버스] 제주도 🚨전코스할인🚨 1+1중복할인불가,Trip
제주의 랜드마크 에코랜드 단독 특가!!,Trip
"[아쿠아필드&스파랜드]워터파크or스파가 9,900원?!",Trip
[곡성1박2일] 바쁘지만 우리지금 곡성간다,Trip
서울랜드! 종일권 특가,Trip
[힐링이 필요한 지금] 곡성1박2일 여행,Trip
블루캐니언 풀사이드 워터 뷔페와 함께하는 완벽한 하루,Trip
"미세먼지로부터 피부진정, 모공정화 하기!",Trip
"청정계곡수, 푸르른 쉼 하이원 리조트",Trip
[제주호텔] 선착순 한정판매 베드라디오 도두봉 숙박권,Trip
힐링이 필요한 지금 곡성1박2일 여행,Trip
🌺동백가치🌺 여수에서 누리는 요트보트 투어,Trip
[곡성 현지생방송] 곡성1박2일 여행패키지,Trip
[레고메가위크] 레고랜드 티켓 2시간 특집 라이브,Trip
제주에서 펭귄 타봤니?🐧반잠수정+액티비티체험,Trip
🎁어버이날 특선🎁 60분 효도트립 출발🚌,Trip
[핫플버스] 제주도 동부 서부 감성투어 버스패키지 할인,Trip
이야기모바일과 떠나는 피크닉 LIVE🌷,Trip
예신예랑을 위한 시바산 웨딩 특별 패키지,Trip
[안성팜랜드] 온가족이 즐거운 최초 라이브 특가!,Trip
꽃길만 걸어갈 당신에게 드리는 네이처파크 플라워페스티벌,Trip
[패러글라이딩 29%할인] 여행시즌 NO.1 레저🌸,Trip
"동굴 속 신비한 모험,광명동굴 BIG3 이용권 최초공개",Trip
[핫플버스] ⭐제주도 패키지 버스투어 전 코스 할인⭐,Trip
"[에버랜드] 꽃향기 가득~ 함께해, 봄!",Trip
제주도에서 펭귄 타봤니?🐧투어위드펭귄 첫 쇼핑 라이브,Trip
부산 오션뷰 끝판왕 호텔 [베스트루이스해밀턴오션테라스],Trip
[22%할인+사은품] 단양 패러글라이딩,Trip
[핫플버스] 제주도 동부 서부 프리미엄 서부핫플 할인,Trip
이중턱 붓기 탄력저하 듀얼 리프팅 트리트먼트,Trip
(LIVE)설레는 봄! 경주월드 역대급 심쿵특가!,Trip
설레는 봄엔 네이처파크 봄 입장권 초특가로 봄맞이해봄!,Trip
[그랜드하얏트서울호텔] 봄맞이 호캉스 최대 69%↓,Trip
[롯데월드 부산] 현장 최초 공개+최대 혜택까지!,Trip
제주김만복의 쇼핑라이브,Trip
[핫플버스] 제주도버스여행 버스투어패키지 여행패키지,Trip
전국 봄맞이 벚꽃 호캉스대전!,Trip
[그랜드하얏트 호텔 제주] 봄날 최저가로 만나는 호캉스,Trip
[LG U+] 유심만 바꿔도 32만원 혜택 전원 제공!,Trip
[핫플버스] 경주 투어버스 여행상품 버스패키지 뚜벅이,Trip
모공축소 소공녀 피부만들기 패키지,Trip
[유심 0원]  워치4+버즈에 통신비 첫달 무료까지!,Trip
[핫플버스] 제주도 패키지 버스투어 뚜벅이 패키지여행,Trip
속건조 해결 수분폭탄 물광 피부 솔루션,Trip
[U+] 유심만 바꾸면 버즈2 + 워치4 무료 제공,Trip
[핫플버스] 제주도버스여행 버스투어패키지 특가할인,Trip
[파라다이스시티] 원더박스 첫 라이브 단독 특가,Trip
[핫플버스] 제주도버스여행 버스투어패키지 뚜벅이여행,Trip
[벚꽃맞이] 초특가 인생패키지 1탄 경주 !!,Trip
[파라다이스시티] 씨메르 라이브 단독 특가,Trip
VITACIRCUL BRIGHTENING,Trip
[추가할인]하이원겨울여행VS키즈카페호캉스VS광주역사여행,Trip
[핫플버스] 경주 투어버스 여행상품 버스패키지,Trip
[시바산] HIFUP LIFTING PROGRAM,Trip
"겨울을 즐기는 특별한 방법, 휘닉스평창 올데이 PASS",Trip
수분가득 광채피부 관리 특가!,Trip
"🚗어디갈래? 전국 리조트,호텔,펜션 멤버쉽 이용권",Trip
<설날이벤트> 재생 프로그램 + 선물증정행사,Trip
[관광기업지원센터] 고차박으로 떠나는 차박 여행패키지,Trip
소노펫클럽&리조트 비발디파크&소노캄고양,Trip
[롯데호텔 부산] 호텔 패키지 5종 특가 ~75%,Trip
[관광기업지원센터] 국내 여행 패키지 여행공방과 함께!,Trip
울릉도 눈꽃 힐링여행,Trip
부산 엘시티 레지던스 호텔 숙박권,Trip
🎁설날과자선물 국내산팝콘 어때요?,Trip
제주여행 이색체험 🌴유진팡 열대과일체험농장🌴,Trip
[관광기업지원센터]국내 여행 패키지 여행 공방과 함께!,Trip
[핫플버스] 제주도 동부 서부 중문 버스투어 뚜벅이여행,Trip
[관광기업지원센터]국내 여행 패키지 여행 공방과 함께,Trip
[제주여행지] 🌴유진팡 바나나 열대과일체험농장🌴,Trip
[시바산] 맞춤형 케어 특가 찬스,Trip
[핫플버스] 제주도 동부 서부 중문 감성투어 뚜벅이여행,Trip
제주여행 유진팡 바나나~🍌열대과일체험농장🌴,Trip
시바산 HIFU 필업 리프팅 프로그램,Trip
"아침부터 밤까지, 휘닉스 평창 올데이 PASS",Trip
직접 만들어 먹는 간식!!! 국내산 팝콘 만들기 키트,Trip
[핫플버스] 제주도 경주 서울 버스투어 펫버스패키지,Trip
[라한호텔] 라한셀렉트 경주 라이브 특가,Trip
[프레이저플레이스] 1월~3월 호텔숙박권 연말 특가!,Trip
베스트 웨스턴 플러스 경주 호텔,Trip
[핫플버스] 제주도 동부 서부 요트 우도 버스투어,Trip
[최저가]하이원리조트에서 강습! 금빛휴양타운에서 힐링!,Trip
노보텔 앰배서더 서울 용산,Trip
"★가평나나키즈풀빌라★할인이벤트, 수영장미온수무료서비스",Trip
★연말감사제★경주월드! 미리 XMAS 얼리버드 초특가!,Trip
[12월31일] 하이원리조트 단하루! 새해맞이! 숙박!,Trip
[핫플버스] 서울 시티투어 뚜벅이 버스투어 패키지여행,Trip
이야기모바일 4TEN LIVE✨,Trip
비발디파크 스키&스노위랜드! 짜릿하고 즐거운 겨울!,Trip
[아쿠아필드&스파랜드] 최대 51% 역대급 할인!,Trip
국내여행 일본테마파크 니지모리 스튜디오 료칸 숙박권,Trip
국내여행 일본 테마마크 니지모리스튜디오 입장권(평일),Trip
긴들몰의 쇼핑라이브,Trip
12월의 에버랜드 크리스마스 판타지,Trip
[파라다이스시티] 씨메르 겨울시즌 단독 특가,Trip
[오픈이벤트] 제주의 새로운 리조트 산수휴(山水休),Trip
[수능특별할인] 제주도버스여행 버스투어패키지 뚜벅이여행,Trip
내 마음대로 골라노는 겨울! 정선 하이원 겨울 대축제!,Trip
필링부터 재생 홈케어까지 모두 포함 시바산 리셀 패키지,Trip
[반얀트리 호텔] 2022 첫 호캉스는 반얀트리에서!,Trip
포천 베어스타운,Trip
🏨부산 호캉스🏨미디호텔부산 4성급 특가😍,Trip
🏨부산 호캉스🏨 미디호텔부산 4성급,Trip
노을 아래 반짝이는 수분 광채 피부! 시바산 보습&필링,Trip
"겨울 여행은 600년 온천 맛집, 스플라스 덕산!",Trip
「로얄 호텔 서울」 첫 네이버 쇼핑라이브 파격혜택,Trip
크리스마스행사) 딸기따기+잼만들기 가족체험 추억만들기,Trip
"호캉스 대신, 옥캉스로 떠나요!",Trip
"더오래마켓X노금미 - 봉정사, 국화꽃 필무렵",Trip
낭만안동 유네스코투어 안동,Trip
[벤처비지니스호텔]연말에는 벤처호텔과 함께,Trip
[핫플버스] 제주도동서부버스투어 뚜벅이 패키지여행 우도,Trip
(40명한정) 혜택이 쏟아지는 경남 웰니스 패키지 여행,Trip
수능 끝 관리 시작! 트러블 피부 1:1 맞춤 스킨케어,Trip
광주여행상품 특가 할인전,Trip
[웨스틴조선호텔 부산] 70%↓ 파격 할인 쇼핑라이브,Trip
[핫플버스] 경주핫플여행 버스투어 뚜벅이 패키지여행,Trip
첫 혜택 구성! 깐 댤꺌 피부 필링 최종 완결판,Trip
통영/거제 1박 2일 여행 패키지 업그레이드 혜택!,Trip
울릉도로 떠나는 힐링 차박 여행!,Trip
글로벌투어의 식도락여행,Trip
[핫플버스]제주도 동서부권 버스투어 뚜벅이 패키지여행,Trip
🚤해운대리버크루즈🚤 요트투어를 단 돈 만원에!,Trip
수영강 최초의 유람선 해운대리버크루즈 체험 할인!,Trip
[울릉도 여행에 시작] 울릉크루즈 여행!!,Trip
부산 흰여울 마을 해안터널 스냅사진 촬영 및 카메라대여,Trip
🟢라이브특가🟢 붓기 빼는 맞춤형 수분 트리트먼트,Trip
모험과 꿈이 가득한 롯데호텔 월드 쇼핑라이브 특가,Trip
산마루캠핑장29900원특가 <파주친구들&파주오축제>,Trip
98%할인 x체험서포터즈천원🎉파주친구들&파주오축제🎉,Trip
도심 근처 호캉스! 영종도 더위크앤 리조트 특가 숙박권,Trip
시바산 신상 맞춤형 피부 스캐닝 트리트먼트,Trip
비타민C 듬뿍 얹은 가을 피부 케어,Trip
[초특가] 서울 한강 유람선 애슐리퀸즈 + 크루즈,Trip
서울 한강 유람선 애슐리퀸즈 + 크루즈,Trip
[핫플버스] 제주도 동서부권 버스투어 뚜벅이 우도여행,Trip
이러다 피부 다~ 죽어 피부 고민 1:1 맞춤형 필링,Trip
울릉도 크루즈  할로윈 오징어게임,Trip
[핫플버스] 제주도 서부권 버스투어 뚜벅이 패키지여행,Trip
아르츠스파앤풀빌라 20만원 상당 할인혜택 쿠폰,Trip
에버랜드 해피&호러 할로윈,Trip
10월~12월 코오롱 씨클라우드 호텔 숙박권,Trip
라이브 특가 20% 수분 풀 세팅 꿀피부 만들기,Trip
「레스케이프 호텔」 역대급 할인+최다 구매자 혜택,Trip
소노문 단양,Trip
소야침의 쇼핑라이브,Trip
[가족체험] 벼베기와 타작! 맛있는 쌀😍 꽃드란농원,Trip
[핫플버스] 경주투어 버스투어 뚜벅이 패키지여행,Trip
[경기국제보트쇼] 제주펭귄반잠수정 & 한강반포카약 !,Trip
서울 한강 유람선 디너크루즈,Trip
[오크우드프리미어] 라이브커머스 단독 특가 프로모션,Trip
서울랜드! 6개월시즌권&종일권 특가,Trip
제주도 귀덕향사를 소개합니다,Trip
가을철 생기 잃은 칙칙한 피부톤을 위한 스킨 케어,Trip
Live초특가 역대급혜택 가을 페스타! 경주월드 스릴타,Trip
울릉크루즈 최초 현장 방송!! 울릉도+독도여행의 시작,Trip
[특별 최저가] 경포 스카이베이 인피니티 풀 이용권,Trip
[라이브특가]울릉크루즈타고 울릉도 여행!!,Trip
제주 신화월드 호텔 앤 리조트 메리어트관,Trip
[핫플버스] 제주도 동부권 버스투어 뚜벅이 패키지여행,Trip
1:1 맞춤 필링 트리트먼트,Trip
[라이브특가]추석 연휴 울릉크루즈타고 울릉도 여행!!,Trip
[핫플버스] 제주도버스투어 뚜벅이 패키지여행 우도전기차,Trip
롯데월드 아쿠아리움! 도심 속 깊은 바닷속 세상!,Trip
황금연휴 부산호캉스! 하운드 시그니처 호텔(해운대),Trip
[라이브최초]추석연휴 울릉도 여행 울릉크루즈 티켓,Trip
황금연휴 부산호캉스!하운드 시그니처 호텔(해운대) 특가,Trip
[호캉스특집 #4] 오션뷰맛집 강릉 탑스텐 호텔,Trip
221GB 데이득 종료임박! 라이브 필수시청!,Trip
웰리힐리파크 AUTUMN IN PARK PKG,Trip
「소노호텔앤리조트 소노벨 변산」 추석 파격특가+특별구성,Trip
추석특집📢 여수 로컬 커피드립백과 함께하는 여행티켓,Trip
[핫플버스] 제주도 버스투어 뚜벅이 일일 패키지 여행,Trip
코트야드 메리어트 서울 남대문,Trip
[SK세븐모바일] 나를 아끼는 모바일 특별방송,Trip
트러블 자극 진정 앰플 & 피부 활성화 필링,Trip
추석특집📢  여수에서 함께하는 여행 체험상품,Trip
구해줘 펜션! 신축풀빌라/애견/SNS감성 초특가LIVE,Trip
추석특집📢  여수바다와 함께하는 식도락투어 / 체험,Trip
하이원리조트 올인클루시브PKG,Trip
[라이브특가]제주엠리조트 연박할인 동물농장무료 두번째,Trip
제주엠리조트 개그맨 김수영 쇼호스트 정봉선 특가세일,Trip
[핫플버스] 제주도 버스투어 우도 여행 패키지 전기차,Trip
탄력 플러스 물방울 리프팅 시바산 인쏘니,Trip
소노펠리체 골프 단독 특가 패키지,Trip
HAPPY HALLOWEEN in EVERLAND,Trip
[호캉스특집 #3] 제주신화월드 신화관 혜택가득 호캉스,Trip
트러블 각질 블랙헤드 고민 끝! 시바산 맞춤형 필링,Trip
[소노펫클럽&리조트 비발디파크&소노캄고양]댕캉스,Trip
「소노호텔앤리조트 소노캄 고양」 파격특가+최다혜택 구성,Trip
코트야드 바이 메리어트 서울 보타닉 파크,Trip
"[출발! 휘닉스 여행] 캠핑vs호캉스, 당신의 선택은?",Trip
8월 단 하루! 헬로모바일 최대 사은품 라이브,Trip
[아쿠아라인] 사계절 언제든 즐길 수 있는 스킨스쿠버!,Trip
페이스 라인 관리하고 작은 얼굴 만들기,Trip
[호캉스특집 #2] 제주 그랜드하얏트 늦캉스패키지,Trip
아이들과 함께하는 내 손안의 작은정원 테라리움 체험키트,Trip
[아쿠아라인] 사계절 내내 즐길 수 있는 스킨스쿠버!,Trip
할인은크게! 노는건 즐겁게! 캘비치&경주월드 썸머플렉스,Trip
[추석연휴/늦캉스] 평창 라마다 호텔 반값 특가 라이브,Trip
메디슈티컬센터 라이브,Trip
3D 리프팅 받고 두피 케어 고! 시바산 메디슈티컬센터,Trip
"안전, 혜택, 즐거움 level up 원마운트 워터파크",Trip
앵콜! 이태원 몬드리안 호텔 특가 패키지!,Trip
시바산 한정판 케어 메디슈티컬센터 청담,Trip
제주 여행관광지 프리패스권 초특가 이벤트💛,Trip
시바산 X 메디슈티컬센터 여름 솔루션 3탄,Trip
🏨부산 호캉스🏨 부산항 미디호텔부산 4성급 특가😍,Trip
유플러스알뜰모바일의 쇼핑라이브,Trip
100원 유심잡고 캠핑가자! 헬로모바일 x 투썸캠핑전!,Trip
시바산 무더위 대비 패키지 라이브 in 메디슈티컬센터,Trip
[켄싱턴 충주] 초특가 + 최대 혜택 패키지,Trip
[소노펫 비발디파크] 초특가 + 최대 혜택 패키지,Trip
정선 하이캐슬 리조트 초특가! 1인당 3만3천원 꼴!,Trip
입장권 900원★ 가평 AT수상레저 '21 리뉴얼 빠지,Trip
해운대 가성비 최고 골든튤립 호텔 라이브 초특가,Trip
해운대 엘시티! 부산 호캉스 끝판왕 초특가!,Trip
오션월드에서 여름을 플렉스 하자~,Trip
부산관광기념품10선 3회차 _ 서핑 강습+자유서핑,Trip
SUMMER FLEX! 비발디파크/소노문단양 객실패키지,Trip
[아바니 센트럴 부산] 도심 속 여름 호캉스,Trip
[더 플라자 호텔] 스위트룸 단독 특별 프로모션,Trip
[바캉스특집] 동해 라라서프 서핑 패키지!,Trip
캠프통아일랜드&캠프통포레스트! 지상 최대 수상레저 천국,Trip
오색그린야드! 쏟아지는 경품과 함께 웰빙+건강 챙기자!,Trip
「소노호텔앤리조트 소노벨 천안」 단독가격+최다혜택,Trip
홍대 메리어트 호텔 라이즈 오토그래프 컬렉션 초특가!,Trip
반려견 동반 가능 호텔리조트 숙박권 모음(최대 58%),Trip
[여수라테라스리조트]50매한정 워터파크 대특가,Trip
[아쿠아필드 전지점] 최대 57% 역대급 할인!,Trip
나인트리 프리미어 호텔 서울 판교 Grand Open,Trip
여름휴가는 완주에서 체험휴양마을 여름휴가 특별구성,Trip
6월 29일 세상에 없던 요금제를 만난다,Trip
1+1 이 기회에는 꼭 가야대구 [서울국제관광박람회],Trip
제주갬성드애월✈ 개그맨김여운 과 양배차 간다간다✈,Trip
[노보텔 앰배서더 서울 강남] 먹캉스!,Trip
메디슈티컬센터청담 페이스 관리 30% 프로모션,Trip
[단독 최저가] 가평 빠지 K2 수상레저 종일 무제한,Trip
"""도심속 최고의 휴양지"" 비스타 워커힐 서울 호텔",Trip
오션월드! 안심하고 SUMMER FLEX!,Trip
"반얀트리 서울 더 오아시스 BBQ, 카바나 이용권",Trip
[SK세븐모바일] 여름맞이 시원한 할인&경품 혜택전,Trip
[JW 메리어트 동대문] 호텔 시그니처 패키지 LIVE,Trip
❣️가족휴가추천❣️ 소노 객실+와이너리투어+조식 패키지,Trip
풀빌라&오션뷰 펜션 초특가 - 야놀자 여름성수기 특집!,Trip
[레스케이프 호텔] 유럽으로 떠나는 여행🗼,Trip
쿨~며드는 여름 끝판왕! 비발디파크: 야놀자 초특가,Trip
[호캉스특집 #1] 그랜드 엘시티 레지던스 호텔,Trip
[히든클리프호텔] 제주 속 발리에서 즐기는 호캉스,Trip
Safe Summer Vacation in 캐리비안베이,Trip
초특가!! 라이플라와 함께 랜선 호캉스,Trip
[최저가] 대구 이월드 자유이용권 종일,Trip
몬드리안 서울 이태원 패키지 상품,Trip
더 그랜드 섬오름,Trip
[씨마크호텔] 50주년 기념 7월 파격 혜택 LIVE,Trip
[디즈니홈 특별라이브] 신규 디자인 최초 공개!,Trip
"제주 여행은 마레보☀️ 숙박+조식 99,000원~",Trip
[유심 0원 혜택] 황금 유심 + 첫달 통신비까지 쏜다,Trip
크레욜라X그래비티 서울판교 콜라보 패키지,Trip
메종 글래드 제주 x 더파티오풀,Trip
여행특집#8 이비스 앰배서더 인사동X명동 호캉스,Trip
미미언니와 당신이 잠든 사이에🌛 노보텔 동대문!,Trip
1등 알뜰폰 kt M모바일의 통신비 반값 꿀조합 공개!,Trip
[SK세븐모바일] 알뜰요금제 유심 100원 핫딜,Trip
나인트리 호텔 브랜드 기획전,Trip
롯데리조트속초 올스테이 패키지 라이브 특가,Trip
「소노호텔앤리조트 소노캄 거제」 단독가격+최다혜택,Trip
전객실 오션뷰! 여수 예술랜드 리조트 / 이용권 초특가,Trip
웨스틴 조선호텔 서울 프리썸머 PKG(~45% 할인),Trip
웰리힐리파크 올인원 힐링 패키지,Trip
스플라스 리솜에서 #스테이플렉스,Trip
REAL HAPPINESS in EVERLAND,Trip
단하루 온라인 최저가! 이월드 연간회원권,Trip
그랜드 하얏트 서울에서 마법같은 하루,Trip
[페어몬트 앰배서더 호텔] 급이 다른 럭셔리 호캉스!,Trip
가정의달 특집 [곤지암리조트] 루지 스페셜 패키지,Trip
머큐어앰배서더 울산 호텔 Real 호캉스,Trip
[하이원리조트] LIVE 단독 혜택이 쏟아져요!,Trip
[소노호텔앤리조트 쏠비치 양양],Trip
미미언니와 당신이 잠든 사이에 떠나는 여행🌛,Trip
제주도 엠리조트 1년 주말주중 사용가능,Trip
[코리아나호텔] 광화문 중심 가성비 호캉스😎,Trip
<랜선롯월> 롯데월드 최초 라이브! 최고 혜택!,Trip
(6+1박)국내 100여개 숙소🛫 해피한 자유숙박권,Trip
제주도 엠리조트 1년 이용권 초특가 세일!! 오늘만,Trip
제주엠리조트 서귀포 최고의 숙소,Trip
평창알펜시아홀리데이인리조트호텔🍔버거형과함께하는특별전,Trip
서울드래곤시티의 쇼핑 라이브,Trip
[N라이브] 발왕산 정기 받아봄 PKG,Trip
'급'이 다른 '특급' 혜택! 휘닉스 호텔앤드리조트,Trip
여의도 메리어트 이그제큐티브 아파트먼츠,Trip
[쇼핑라이브특전] 그래비티 서울 판교 오토그래프 컬렉,Trip
제주에서 초대하는 특별한 호캉스! 에코그린리조트X휴제주,Trip
그랜드 인터컨티넨탈 서울 파르나스 스위트룸 패키지 특가,Trip
⛳제주골프여행⛳ 5월한정 초특가!,Trip
[쇼핑라이브특전] 소노호텔앤리조트 소노캄 제주,Trip
[파라다이스호텔부산] 국내에서 즐기는 힐링 해외여행,Trip
유플러스알뜰모바일의 첫번째 쇼핑라이브,Trip
쉐라톤 서울 디큐브시티 호텔 - 클럽라운지 무료이용,Trip
HERE WE GO와 함께 스마트하게 떠나는 여행,Trip
[웨스틴 조선호텔 부산] 와그 첫라이브 단독특가,Trip
소노벨 청송 힐링여행 70% 특가 할인 LIVE!,Trip
[쇼핑라이브특전]🐶댕캉스특가전🐶라마다호텔앤스위트평창,Trip
제주도 프리미엄 호텔 더 그랜드 섬오름 호캉스 패키지,Trip
[인천 파라다이스시티] 호텔 스위트룸 단독 파격 특가,Trip
"무창포 선셋뷰 비체팰리스, 77% 시크릿 할인 LIVE",Trip
[그랜드 하얏트 서울 호텔]도심 속 휴양지 봄캉스 특가,Trip
라한셀렉트 경주 호캉스 올스테이 패키지 라이브 특가,Trip
HEREWEGO와 스마트하게 떠나는 랜선여행♡,Trip
[반얀트리 서울]럭셔리 호텔 끝판왕! 특가로 만날 기회,Trip
그랜드조선 부산 호캉스 올스테이 패키지 라이브 특가,Trip
올스테이x몬드리안 호캉스 패키지 라이브 특가,Trip
All Day LIVE #8 광안해변 오션뷰객실 초특가,Trip
쇼핑라이브페스타🎊 랜선 팀보타전 탐방,Trip
쇼핑라이브페스타🎊 랜선 미니언즈 전시회 탐방,Trip
